year,state,district,avg_expert_rating,dem_votes_major_percent,D_seats,mean_dem,mean_dem_margin,rdi_change_pct,D_majorvote_pct,D_votemargin
2010,Alabama,2,3.95,48.91,193,43.022222222222226,-4.822222222222221,1.7136530108168069,46.53,-6.939999999999998
2010,Alabama,5,6.4,42.06,193,43.022222222222226,-4.822222222222221,1.7136530108168069,46.53,-6.939999999999998
2010,Arizona,1,5.1,46.8,193,43.022222222222226,-4.822222222222221,1.7136530108168069,46.53,-6.939999999999998
2010,Arizona,3,5.8,44.06,193,43.022222222222226,-4.822222222222221,1.7136530108168069,46.53,-6.939999999999998
2010,Arizona,5,4.55,45.39,193,43.022222222222226,-4.822222222222221,1.7136530108168069,46.53,-6.939999999999998
2010,Arizona,7,3.3,53.18,193,43.022222222222226,-4.822222222222221,1.7136530108168069,46.53,-6.939999999999998
2010,Arizona,8,4,50.76,193,43.022222222222226,-4.822222222222221,1.7136530108168069,46.53,-6.939999999999998
2010,Arkansas,1,4.75,45.64,193,43.022222222222226,-4.822222222222221,1.7136530108168069,46.53,-6.939999999999998
2010,Arkansas,2,6.05,39.79,193,43.022222222222226,-4.822222222222221,1.7136530108168069,46.53,-6.939999999999998
2010,California,3,5.1,46.31,193,43.022222222222226,-4.822222222222221,1.7136530108168069,46.53,-6.939999999999998
2010,California,11,4.4,50.58,193,43.022222222222226,-4.822222222222221,1.7136530108168069,46.53,-6.939999999999998
2010,California,18,1.8,58.48,193,43.022222222222226,-4.822222222222221,1.7136530108168069,46.53,-6.939999999999998
2010,California,20,3.5,51.7,193,43.022222222222226,-4.822222222222221,1.7136530108168069,46.53,-6.939999999999998
2010,California,47,2.7,57.43,193,43.022222222222226,-4.822222222222221,1.7136530108168069,46.53,-6.939999999999998
2010,Colorado,3,4.55,48,193,43.022222222222226,-4.822222222222221,1.7136530108168069,46.53,-6.939999999999998
2010,Colorado,4,5.45,44.07,193,43.022222222222226,-4.822222222222221,1.7136530108168069,46.53,-6.939999999999998
2010,Colorado,7,2.75,56.14,193,43.022222222222226,-4.822222222222221,1.7136530108168069,46.53,-6.939999999999998
2010,Connecticut,4,2.95,53.06,193,43.022222222222226,-4.822222222222221,1.7136530108168069,46.53,-6.939999999999998
2010,Connecticut,5,2.95,54.06,193,43.022222222222226,-4.822222222222221,1.7136530108168069,46.53,-6.939999999999998
2010,Delaware,AL,2.5,58.04,193,43.022222222222226,-4.822222222222221,1.7136530108168069,46.53,-6.939999999999998
2010,Florida,2,5.25,43.55,193,43.022222222222226,-4.822222222222221,1.7136530108168069,46.53,-6.939999999999998
2010,Florida,8,5.45,40.51,193,43.022222222222226,-4.822222222222221,1.7136530108168069,46.53,-6.939999999999998
2010,Florida,12,5.15,46.08,193,43.022222222222226,-4.822222222222221,1.7136530108168069,46.53,-6.939999999999998
2010,Florida,22,4.2,45.64,193,43.022222222222226,-4.822222222222221,1.7136530108168069,46.53,-6.939999999999998
2010,Florida,24,5.45,40.34,193,43.022222222222226,-4.822222222222221,1.7136530108168069,46.53,-6.939999999999998
2010,Florida,25,5.1,44.96,193,43.022222222222226,-4.822222222222221,1.7136530108168069,46.53,-6.939999999999998
2010,Georgia,2,4.1,51.44,193,43.022222222222226,-4.822222222222221,1.7136530108168069,46.53,-6.939999999999998
2010,Georgia,8,5.1,47.3,193,43.022222222222226,-4.822222222222221,1.7136530108168069,46.53,-6.939999999999998
2010,Hawaii,1,4.2,53.23,193,43.022222222222226,-4.822222222222221,1.7136530108168069,46.53,-6.939999999999998
2010,Idaho,1,3.85,44.72,193,43.022222222222226,-4.822222222222221,1.7136530108168069,46.53,-6.939999999999998
2010,Illinois,8,1.8,49.93,193,43.022222222222226,-4.822222222222221,1.7136530108168069,46.53,-6.939999999999998
2010,Illinois,10,3.25,48.92,193,43.022222222222226,-4.822222222222221,1.7136530108168069,46.53,-6.939999999999998
2010,Illinois,11,5.65,42.65,193,43.022222222222226,-4.822222222222221,1.7136530108168069,46.53,-6.939999999999998
2010,Illinois,14,4.55,46.75,193,43.022222222222226,-4.822222222222221,1.7136530108168069,46.53,-6.939999999999998
2010,Illinois,17,4.55,44.97,193,43.022222222222226,-4.822222222222221,1.7136530108168069,46.53,-6.939999999999998
2010,Indiana,2,3.3,50.7,193,43.022222222222226,-4.822222222222221,1.7136530108168069,46.53,-6.939999999999998
2010,Indiana,8,5.85,39.41,193,43.022222222222226,-4.822222222222221,1.7136530108168069,46.53,-6.939999999999998
2010,Indiana,9,4.75,44.68,193,43.022222222222226,-4.822222222222221,1.7136530108168069,46.53,-6.939999999999998
2010,Iowa,1,2.55,51.03,193,43.022222222222226,-4.822222222222221,1.7136530108168069,46.53,-6.939999999999998
2010,Iowa,2,2.55,52.62,193,43.022222222222226,-4.822222222222221,1.7136530108168069,46.53,-6.939999999999998
2010,Iowa,3,2.75,52.18,193,43.022222222222226,-4.822222222222221,1.7136530108168069,46.53,-6.939999999999998
2010,Kansas,3,6.05,39.83,193,43.022222222222226,-4.822222222222221,1.7136530108168069,46.53,-6.939999999999998
2010,Kentucky,3,2.15,55.41,193,43.022222222222226,-4.822222222222221,1.7136530108168069,46.53,-6.939999999999998
2010,Kentucky,6,3.3,50.14,193,43.022222222222226,-4.822222222222221,1.7136530108168069,46.53,-6.939999999999998
2010,Louisiana,2,2.55,65.87,193,43.022222222222226,-4.822222222222221,1.7136530108168069,46.53,-6.939999999999998
2010,Louisiana,3,6.25,36.23,193,43.022222222222226,-4.822222222222221,1.7136530108168069,46.53,-6.939999999999998
2010,Maine,1,3.15,56.82,193,43.022222222222226,-4.822222222222221,1.7136530108168069,46.53,-6.939999999999998
2010,Maine,2,2.35,55.13,193,43.022222222222226,-4.822222222222221,1.7136530108168069,46.53,-6.939999999999998
2010,Maryland,1,5.1,43.7,193,43.022222222222226,-4.822222222222221,1.7136530108168069,46.53,-6.939999999999998
2010,Massachusetts,4,2.2,55.42,193,43.022222222222226,-4.822222222222221,1.7136530108168069,46.53,-6.939999999999998
2010,Massachusetts,5,1.6,56.49,193,43.022222222222226,-4.822222222222221,1.7136530108168069,46.53,-6.939999999999998
2010,Massachusetts,10,3.8,52.51,193,43.022222222222226,-4.822222222222221,1.7136530108168069,46.53,-6.939999999999998
2010,Michigan,1,4.8,44.03,193,43.022222222222226,-4.822222222222221,1.7136530108168069,46.53,-6.939999999999998
2010,Michigan,7,4.2,NA,193,43.022222222222226,-4.822222222222221,1.7136530108168069,46.53,-6.939999999999998
2010,Michigan,9,2.9,NA,193,43.022222222222226,-4.822222222222221,1.7136530108168069,46.53,-6.939999999999998
2010,Minnesota,1,2.75,52.83,193,43.022222222222226,-4.822222222222221,1.7136530108168069,46.53,-6.939999999999998
2010,Minnesota,6,6.4,43.11,193,43.022222222222226,-4.822222222222221,1.7136530108168069,46.53,-6.939999999999998
2010,Minnesota,8,2.95,49.16,193,43.022222222222226,-4.822222222222221,1.7136530108168069,46.53,-6.939999999999998
2010,Mississippi,1,4.55,42.47,193,43.022222222222226,-4.822222222222221,1.7136530108168069,46.53,-6.939999999999998
2010,Mississippi,4,3.8,47.42,193,43.022222222222226,-4.822222222222221,1.7136530108168069,46.53,-6.939999999999998
2010,Missouri,3,2.35,51.2,193,43.022222222222226,-4.822222222222221,1.7136530108168069,46.53,-6.939999999999998
2010,Missouri,4,3.8,47.22,193,43.022222222222226,-4.822222222222221,1.7136530108168069,46.53,-6.939999999999998
2010,Nebraska,2,6.4,39.19,193,43.022222222222226,-4.822222222222221,1.7136530108168069,46.53,-6.939999999999998
2010,Nevada,3,4.95,49.66,193,43.022222222222226,-4.822222222222221,1.7136530108168069,46.53,-6.939999999999998
2010,New Hampshire,1,5.25,43.98,193,43.022222222222226,-4.822222222222221,1.7136530108168069,46.53,-6.939999999999998
2010,New Hampshire,2,4.2,49.17,193,43.022222222222226,-4.822222222222221,1.7136530108168069,46.53,-6.939999999999998
2010,New Jersey,3,4.35,48.61,193,43.022222222222226,-4.822222222222221,1.7136530108168069,46.53,-6.939999999999998
2010,New Jersey,12,1.8,53.61,193,43.022222222222226,-4.822222222222221,1.7136530108168069,46.53,-6.939999999999998
2010,New Mexico,1,3.6,51.88,193,43.022222222222226,-4.822222222222221,1.7136530108168069,46.53,-6.939999999999998
2010,New Mexico,2,4.9,44.6,193,43.022222222222226,-4.822222222222221,1.7136530108168069,46.53,-6.939999999999998
2010,New York,1,3.45,50.15,193,43.022222222222226,-4.822222222222221,1.7136530108168069,46.53,-6.939999999999998
2010,New York,4,1.6,53.62,193,43.022222222222226,-4.822222222222221,1.7136530108168069,46.53,-6.939999999999998
2010,New York,13,2.75,48.31,193,43.022222222222226,-4.822222222222221,1.7136530108168069,46.53,-6.939999999999998
2010,New York,19,4.35,47.32,193,43.022222222222226,-4.822222222222221,1.7136530108168069,46.53,-6.939999999999998
2010,New York,20,4.55,45.13,193,43.022222222222226,-4.822222222222221,1.7136530108168069,46.53,-6.939999999999998
2010,New York,22,2.2,52.66,193,43.022222222222226,-4.822222222222221,1.7136530108168069,46.53,-6.939999999999998
2010,New York,23,4.4,50.61,193,43.022222222222226,-4.822222222222221,1.7136530108168069,46.53,-6.939999999999998
2010,New York,24,3.8,46.92,193,43.022222222222226,-4.822222222222221,1.7136530108168069,46.53,-6.939999999999998
2010,New York,25,2.35,49.84,193,43.022222222222226,-4.822222222222221,1.7136530108168069,46.53,-6.939999999999998
2010,New York,29,6.25,43.39,193,43.022222222222226,-4.822222222222221,1.7136530108168069,46.53,-6.939999999999998
2010,North Carolina,2,2.85,49.6,193,43.022222222222226,-4.822222222222221,1.7136530108168069,46.53,-6.939999999999998
2010,North Carolina,7,3.25,53.68,193,43.022222222222226,-4.822222222222221,1.7136530108168069,46.53,-6.939999999999998
2010,North Carolina,8,3.9,54.83,193,43.022222222222226,-4.822222222222221,1.7136530108168069,46.53,-6.939999999999998
2010,North Carolina,11,2.55,54.34,193,43.022222222222226,-4.822222222222221,1.7136530108168069,46.53,-6.939999999999998
2010,North Dakota,AL,4.4,45.08,193,43.022222222222226,-4.822222222222221,1.7136530108168069,46.53,-6.939999999999998
2010,Ohio,1,5.45,47.18,193,43.022222222222226,-4.822222222222221,1.7136530108168069,46.53,-6.939999999999998
2010,Ohio,6,3.8,47.36,193,43.022222222222226,-4.822222222222221,1.7136530108168069,46.53,-6.939999999999998
2010,Ohio,12,6.4,42.35,193,43.022222222222226,-4.822222222222221,1.7136530108168069,46.53,-6.939999999999998
2010,Ohio,13,2.15,55.73,193,43.022222222222226,-4.822222222222221,1.7136530108168069,46.53,-6.939999999999998
2010,Ohio,15,5.65,43.26,193,43.022222222222226,-4.822222222222221,1.7136530108168069,46.53,-6.939999999999998
2010,Ohio,16,4.7,44.2,193,43.022222222222226,-4.822222222222221,1.7136530108168069,46.53,-6.939999999999998
2010,Ohio,18,4.55,42.91,193,43.022222222222226,-4.822222222222221,1.7136530108168069,46.53,-6.939999999999998
2010,Oregon,1,1.6,56.62,193,43.022222222222226,-4.822222222222221,1.7136530108168069,46.53,-6.939999999999998
2010,Oregon,5,3.8,52.72,193,43.022222222222226,-4.822222222222221,1.7136530108168069,46.53,-6.939999999999998
2010,Pennsylvania,3,5.45,44.28,193,43.022222222222226,-4.822222222222221,1.7136530108168069,46.53,-6.939999999999998
2010,Pennsylvania,4,2.35,50.81,193,43.022222222222226,-4.822222222222221,1.7136530108168069,46.53,-6.939999999999998
2010,Pennsylvania,6,6.2,42.9,193,43.022222222222226,-4.822222222222221,1.7136530108168069,46.53,-6.939999999999998
2010,Pennsylvania,7,4.55,44.46,193,43.022222222222226,-4.822222222222221,1.7136530108168069,46.53,-6.939999999999998
2010,Pennsylvania,8,4.35,46.48,193,43.022222222222226,-4.822222222222221,1.7136530108168069,46.53,-6.939999999999998
2010,Pennsylvania,10,4.4,44.82,193,43.022222222222226,-4.822222222222221,1.7136530108168069,46.53,-6.939999999999998
2010,Pennsylvania,11,4.55,45.3,193,43.022222222222226,-4.822222222222221,1.7136530108168069,46.53,-6.939999999999998
2010,Pennsylvania,12,3.4,50.78,193,43.022222222222226,-4.822222222222221,1.7136530108168069,46.53,-6.939999999999998
2010,Pennsylvania,15,5.65,42.14,193,43.022222222222226,-4.822222222222221,1.7136530108168069,46.53,-6.939999999999998
2010,Pennsylvania,17,1.8,55.5,193,43.022222222222226,-4.822222222222221,1.7136530108168069,46.53,-6.939999999999998
2010,Rhode Island,1,3.1,53.18,193,43.022222222222226,-4.822222222222221,1.7136530108168069,46.53,-6.939999999999998
2010,South Carolina,5,4.9,44.84,193,43.022222222222226,-4.822222222222221,1.7136530108168069,46.53,-6.939999999999998
2010,South Dakota,AL,4.55,48.82,193,43.022222222222226,-4.822222222222221,1.7136530108168069,46.53,-6.939999999999998
2010,Tennessee,4,4.35,40.32,193,43.022222222222226,-4.822222222222221,1.7136530108168069,46.53,-6.939999999999998
2010,Tennessee,6,6.25,30.4,193,43.022222222222226,-4.822222222222221,1.7136530108168069,46.53,-6.939999999999998
2010,Tennessee,8,6.05,39.68,193,43.022222222222226,-4.822222222222221,1.7136530108168069,46.53,-6.939999999999998
2010,Texas,17,5.65,37.18,193,43.022222222222226,-4.822222222222221,1.7136530108168069,46.53,-6.939999999999998
2010,Texas,23,4.4,47.36,193,43.022222222222226,-4.822222222222221,1.7136530108168069,46.53,-6.939999999999998
2010,Texas,27,2.35,49.62,193,43.022222222222226,-4.822222222222221,1.7136530108168069,46.53,-6.939999999999998
2010,Virginia,2,5.1,44.42,193,43.022222222222226,-4.822222222222221,1.7136530108168069,46.53,-6.939999999999998
2010,Virginia,5,4.75,48.04,193,43.022222222222226,-4.822222222222221,1.7136530108168069,46.53,-6.939999999999998
2010,Virginia,9,3.45,47.54,193,43.022222222222226,-4.822222222222221,1.7136530108168069,46.53,-6.939999999999998
2010,Virginia,11,3.3,50.22,193,43.022222222222226,-4.822222222222221,1.7136530108168069,46.53,-6.939999999999998
2010,Washington,2,3.3,51.07,193,43.022222222222226,-4.822222222222221,1.7136530108168069,46.53,-6.939999999999998
2010,Washington,3,4.75,47.03,193,43.022222222222226,-4.822222222222221,1.7136530108168069,46.53,-6.939999999999998
2010,Washington,8,5.45,47.95,193,43.022222222222226,-4.822222222222221,1.7136530108168069,46.53,-6.939999999999998
2010,West Virginia,1,4.2,49.6,193,43.022222222222226,-4.822222222222221,1.7136530108168069,46.53,-6.939999999999998
2010,West Virginia,3,2,56.04,193,43.022222222222226,-4.822222222222221,1.7136530108168069,46.53,-6.939999999999998
2010,Wisconsin,3,2.75,51.96,193,43.022222222222226,-4.822222222222221,1.7136530108168069,46.53,-6.939999999999998
2010,Wisconsin,7,4.55,46.02,193,43.022222222222226,-4.822222222222221,1.7136530108168069,46.53,-6.939999999999998
2010,Wisconsin,8,5.1,45.17,193,43.022222222222226,-4.822222222222221,1.7136530108168069,46.53,-6.939999999999998
2012,Arizona,1,4.142857143,51.94,200,45.3,-0.05000000000000002,1.730439382524085,50.61,1.2199999999999989
2012,Arizona,2,3.142857143,50.42,200,45.3,-0.05000000000000002,1.730439382524085,50.61,1.2199999999999989
2012,Arizona,9,3.357142857,52.19,200,45.3,-0.05000000000000002,1.730439382524085,50.61,1.2199999999999989
2012,Arkansas,1,6.857142857,41.04,200,45.3,-0.05000000000000002,1.730439382524085,50.61,1.2199999999999989
2012,Arkansas,4,6.714285714,38.13,200,45.3,-0.05000000000000002,1.730439382524085,50.61,1.2199999999999989
2012,California,3,1.928571429,54.23,200,45.3,-0.05000000000000002,1.730439382524085,50.61,1.2199999999999989
2012,California,7,3.857142857,51.68,200,45.3,-0.05000000000000002,1.730439382524085,50.61,1.2199999999999989
2012,California,9,3.5,55.55,200,45.3,-0.05000000000000002,1.730439382524085,50.61,1.2199999999999989
2012,California,10,4.357142857,47.29,200,45.3,-0.05000000000000002,1.730439382524085,50.61,1.2199999999999989
2012,California,16,1.357142857,57.41,200,45.3,-0.05000000000000002,1.730439382524085,50.61,1.2199999999999989
2012,California,21,6.071428571,42.24,200,45.3,-0.05000000000000002,1.730439382524085,50.61,1.2199999999999989
2012,California,24,3.5,55.1,200,45.3,-0.05000000000000002,1.730439382524085,50.61,1.2199999999999989
2012,California,26,3.642857143,52.69,200,45.3,-0.05000000000000002,1.730439382524085,50.61,1.2199999999999989
2012,California,36,4.357142857,52.94,200,45.3,-0.05000000000000002,1.730439382524085,50.61,1.2199999999999989
2012,California,41,3.071428571,58.97,200,45.3,-0.05000000000000002,1.730439382524085,50.61,1.2199999999999989
2012,California,47,1.892857143,56.56,200,45.3,-0.05000000000000002,1.730439382524085,50.61,1.2199999999999989
2012,California,52,3.857142857,51.18,200,45.3,-0.05000000000000002,1.730439382524085,50.61,1.2199999999999989
2012,Colorado,3,5.25,43.55,200,45.3,-0.05000000000000002,1.730439382524085,50.61,1.2199999999999989
2012,Colorado,6,4.357142857,48.91,200,45.3,-0.05000000000000002,1.730439382524085,50.61,1.2199999999999989
2012,Colorado,7,2.071428571,56.75,200,45.3,-0.05000000000000002,1.730439382524085,50.61,1.2199999999999989
2012,Connecticut,4,1.142857143,59.96,200,45.3,-0.05000000000000002,1.730439382524085,50.61,1.2199999999999989
2012,Connecticut,5,3.571428571,51.31,200,45.3,-0.05000000000000002,1.730439382524085,50.61,1.2199999999999989
2012,Florida,2,5.392857143,47.27,200,45.3,-0.05000000000000002,1.730439382524085,50.61,1.2199999999999989
2012,Florida,9,1.642857143,62.52,200,45.3,-0.05000000000000002,1.730439382524085,50.61,1.2199999999999989
2012,Florida,10,5,48.26,200,45.3,-0.05000000000000002,1.730439382524085,50.61,1.2199999999999989
2012,Florida,13,6.571428571,42.43,200,45.3,-0.05000000000000002,1.730439382524085,50.61,1.2199999999999989
2012,Florida,16,5.964285714,46.39,200,45.3,-0.05000000000000002,1.730439382524085,50.61,1.2199999999999989
2012,Florida,18,4.285714286,50.29,200,45.3,-0.05000000000000002,1.730439382524085,50.61,1.2199999999999989
2012,Florida,22,2.607142857,54.63,200,45.3,-0.05000000000000002,1.730439382524085,50.61,1.2199999999999989
2012,Florida,26,2.928571429,55.5,200,45.3,-0.05000000000000002,1.730439382524085,50.61,1.2199999999999989
2012,Georgia,12,3.857142857,53.7,200,45.3,-0.05000000000000002,1.730439382524085,50.61,1.2199999999999989
2012,Illinois,8,2.321428571,54.74,200,45.3,-0.05000000000000002,1.730439382524085,50.61,1.2199999999999989
2012,Illinois,10,3.928571429,50.63,200,45.3,-0.05000000000000002,1.730439382524085,50.61,1.2199999999999989
2012,Illinois,11,3.357142857,58.57,200,45.3,-0.05000000000000002,1.730439382524085,50.61,1.2199999999999989
2012,Illinois,12,3.857142857,54.72,200,45.3,-0.05000000000000002,1.730439382524085,50.61,1.2199999999999989
2012,Illinois,13,4.071428571,49.82,200,45.3,-0.05000000000000002,1.730439382524085,50.61,1.2199999999999989
2012,Illinois,17,3.5,53.28,200,45.3,-0.05000000000000002,1.730439382524085,50.61,1.2199999999999989
2012,Indiana,2,5.285714286,49.26,200,45.3,-0.05000000000000002,1.730439382524085,50.61,1.2199999999999989
2012,Indiana,8,5.678571429,44.67,200,45.3,-0.05000000000000002,1.730439382524085,50.61,1.2199999999999989
2012,Iowa,1,1.571428571,57.79,200,45.3,-0.05000000000000002,1.730439382524085,50.61,1.2199999999999989
2012,Iowa,2,1.964285714,56.67,200,45.3,-0.05000000000000002,1.730439382524085,50.61,1.2199999999999989
2012,Iowa,3,4.285714286,45.5,200,45.3,-0.05000000000000002,1.730439382524085,50.61,1.2199999999999989
2012,Iowa,4,4.785714286,45.86,200,45.3,-0.05000000000000002,1.730439382524085,50.61,1.2199999999999989
2012,Kentucky,6,3.928571429,48,200,45.3,-0.05000000000000002,1.730439382524085,50.61,1.2199999999999989
2012,Maine,2,1.428571429,58.19,200,45.3,-0.05000000000000002,1.730439382524085,50.61,1.2199999999999989
2012,Maryland,6,2.178571429,60.8,200,45.3,-0.05000000000000002,1.730439382524085,50.61,1.2199999999999989
2012,Massachusetts,6,4.928571429,50.61,200,45.3,-0.05000000000000002,1.730439382524085,50.61,1.2199999999999989
2012,Michigan,1,3.857142857,49.72,200,45.3,-0.05000000000000002,1.730439382524085,50.61,1.2199999999999989
2012,Michigan,3,6.071428571,45.64,200,45.3,-0.05000000000000002,1.730439382524085,50.61,1.2199999999999989
2012,Michigan,6,6.857142857,43.84,200,45.3,-0.05000000000000002,1.730439382524085,50.61,1.2199999999999989
2012,Michigan,7,6.785714286,44.65,200,45.3,-0.05000000000000002,1.730439382524085,50.61,1.2199999999999989
2012,Michigan,11,5.285714286,46.64,200,45.3,-0.05000000000000002,1.730439382524085,50.61,1.2199999999999989
2012,Minnesota,2,6.357142857,45.91,200,45.3,-0.05000000000000002,1.730439382524085,50.61,1.2199999999999989
2012,Minnesota,6,5.5,49.39,200,45.3,-0.05000000000000002,1.730439382524085,50.61,1.2199999999999989
2012,Minnesota,7,1.142857143,63.41,200,45.3,-0.05000000000000002,1.730439382524085,50.61,1.2199999999999989
2012,Minnesota,8,3.857142857,54.46,200,45.3,-0.05000000000000002,1.730439382524085,50.61,1.2199999999999989
2012,Montana,AL,6.285714286,44.51,200,45.3,-0.05000000000000002,1.730439382524085,50.61,1.2199999999999989
2012,Nebraska,2,6.428571429,49.2,200,45.3,-0.05000000000000002,1.730439382524085,50.61,1.2199999999999989
2012,Nevada,3,5,45.98,200,45.3,-0.05000000000000002,1.730439382524085,50.61,1.2199999999999989
2012,Nevada,4,3.642857143,54.34,200,45.3,-0.05000000000000002,1.730439382524085,50.61,1.2199999999999989
2012,New Hampshire,1,4.357142857,51.97,200,45.3,-0.05000000000000002,1.730439382524085,50.61,1.2199999999999989
2012,New Hampshire,2,3.428571429,52.53,200,45.3,-0.05000000000000002,1.730439382524085,50.61,1.2199999999999989
2012,New Jersey,3,5.821428571,45.5,200,45.3,-0.05000000000000002,1.730439382524085,50.61,1.2199999999999989
2012,New Jersey,5,6.857142857,43.72,200,45.3,-0.05000000000000002,1.730439382524085,50.61,1.2199999999999989
2012,New Jersey,7,6.857142857,41.2,200,45.3,-0.05000000000000002,1.730439382524085,50.61,1.2199999999999989
2012,New Jersey,9,1.142857143,74.72,200,45.3,-0.05000000000000002,1.730439382524085,50.61,1.2199999999999989
2012,New Mexico,1,1.357142857,59.16,200,45.3,-0.05000000000000002,1.730439382524085,50.61,1.2199999999999989
2012,New York,1,3.571428571,52.49,200,45.3,-0.05000000000000002,1.730439382524085,50.61,1.2199999999999989
2012,New York,11,5.642857143,47.27,200,45.3,-0.05000000000000002,1.730439382524085,50.61,1.2199999999999989
2012,New York,18,4.5,51.95,200,45.3,-0.05000000000000002,1.730439382524085,50.61,1.2199999999999989
2012,New York,19,4.5,47.2,200,45.3,-0.05000000000000002,1.730439382524085,50.61,1.2199999999999989
2012,New York,21,3.357142857,51,200,45.3,-0.05000000000000002,1.730439382524085,50.61,1.2199999999999989
2012,New York,22,6.642857143,39.26,200,45.3,-0.05000000000000002,1.730439382524085,50.61,1.2199999999999989
2012,New York,23,6.785714286,48.09,200,45.3,-0.05000000000000002,1.730439382524085,50.61,1.2199999999999989
2012,New York,24,3.571428571,52.96,200,45.3,-0.05000000000000002,1.730439382524085,50.61,1.2199999999999989
2012,New York,25,2.321428571,57.41,200,45.3,-0.05000000000000002,1.730439382524085,50.61,1.2199999999999989
2012,New York,27,4.285714286,49.21,200,45.3,-0.05000000000000002,1.730439382524085,50.61,1.2199999999999989
2012,North Carolina,7,3.928571429,50.1,200,45.3,-0.05000000000000002,1.730439382524085,50.61,1.2199999999999989
2012,North Carolina,8,5.75,46.05,200,45.3,-0.05000000000000002,1.730439382524085,50.61,1.2199999999999989
2012,North Carolina,11,6.107142857,42.58,200,45.3,-0.05000000000000002,1.730439382524085,50.61,1.2199999999999989
2012,North Carolina,13,6.5,43.2,200,45.3,-0.05000000000000002,1.730439382524085,50.61,1.2199999999999989
2012,North Dakota,AL,6.285714286,43.19,200,45.3,-0.05000000000000002,1.730439382524085,50.61,1.2199999999999989
2012,Ohio,6,4.642857143,46.75,200,45.3,-0.05000000000000002,1.730439382524085,50.61,1.2199999999999989
2012,Ohio,7,6.357142857,43.6,200,45.3,-0.05000000000000002,1.730439382524085,50.61,1.2199999999999989
2012,Ohio,9,1.142857143,76.03,200,45.3,-0.05000000000000002,1.730439382524085,50.61,1.2199999999999989
2012,Ohio,16,4.142857143,47.95,200,45.3,-0.05000000000000002,1.730439382524085,50.61,1.2199999999999989
2012,Oklahoma,2,6,40.07,200,45.3,-0.05000000000000002,1.730439382524085,50.61,1.2199999999999989
2012,Oregon,5,1.357142857,56.01,200,45.3,-0.05000000000000002,1.730439382524085,50.61,1.2199999999999989
2012,Pennsylvania,6,6.214285714,42.86,200,45.3,-0.05000000000000002,1.730439382524085,50.61,1.2199999999999989
2012,Pennsylvania,7,6.642857143,40.6,200,45.3,-0.05000000000000002,1.730439382524085,50.61,1.2199999999999989
2012,Pennsylvania,8,5.821428571,43.4,200,45.3,-0.05000000000000002,1.730439382524085,50.61,1.2199999999999989
2012,Pennsylvania,11,6.857142857,41.46,200,45.3,-0.05000000000000002,1.730439382524085,50.61,1.2199999999999989
2012,Pennsylvania,12,3.857142857,48.26,200,45.3,-0.05000000000000002,1.730439382524085,50.61,1.2199999999999989
2012,Pennsylvania,15,6.857142857,43.25,200,45.3,-0.05000000000000002,1.730439382524085,50.61,1.2199999999999989
2012,Pennsylvania,18,6.857142857,36.04,200,45.3,-0.05000000000000002,1.730439382524085,50.61,1.2199999999999989
2012,Rhode Island,1,3.5,56.47,200,45.3,-0.05000000000000002,1.730439382524085,50.61,1.2199999999999989
2012,South Dakota,AL,6.714285714,42.55,200,45.3,-0.05000000000000002,1.730439382524085,50.61,1.2199999999999989
2012,Tennessee,4,5.142857143,44.24,200,45.3,-0.05000000000000002,1.730439382524085,50.61,1.2199999999999989
2012,Texas,10,6.857142857,37.46,200,45.3,-0.05000000000000002,1.730439382524085,50.61,1.2199999999999989
2012,Texas,14,5.5,45.49,200,45.3,-0.05000000000000002,1.730439382524085,50.61,1.2199999999999989
2012,Texas,23,4.071428571,52.48,200,45.3,-0.05000000000000002,1.730439382524085,50.61,1.2199999999999989
2012,Texas,34,1.142857143,63.08,200,45.3,-0.05000000000000002,1.730439382524085,50.61,1.2199999999999989
2012,Utah,4,4.428571429,50.16,200,45.3,-0.05000000000000002,1.730439382524085,50.61,1.2199999999999989
2012,Virginia,2,5.821428571,46.17,200,45.3,-0.05000000000000002,1.730439382524085,50.61,1.2199999999999989
2012,Virginia,5,6.857142857,43.6,200,45.3,-0.05000000000000002,1.730439382524085,50.61,1.2199999999999989
2012,Washington,1,2.571428571,53.94,200,45.3,-0.05000000000000002,1.730439382524085,50.61,1.2199999999999989
2012,Washington,3,6.857142857,39.62,200,45.3,-0.05000000000000002,1.730439382524085,50.61,1.2199999999999989
2012,Washington,10,1.357142857,58.56,200,45.3,-0.05000000000000002,1.730439382524085,50.61,1.2199999999999989
2012,West Virginia,3,1.928571429,53.98,200,45.3,-0.05000000000000002,1.730439382524085,50.61,1.2199999999999989
2012,Wisconsin,7,5.142857143,43.85,200,45.3,-0.05000000000000002,1.730439382524085,50.61,1.2199999999999989
2012,Wisconsin,8,6.214285714,44,200,45.3,-0.05000000000000002,1.730439382524085,50.61,1.2199999999999989
2014,Alaska,AL,6.4,44.56,188,43.705882352941174,-1.7647058823529411,2.876374101624557,47.09,-5.819999999999993
2014,Arizona,1,4.2,52.61,188,43.705882352941174,-1.7647058823529411,2.876374101624557,47.09,-5.819999999999993
2014,Arizona,2,3.8,49.96,188,43.705882352941174,-1.7647058823529411,2.876374101624557,47.09,-5.819999999999993
2014,Arizona,9,2.35,56.64,188,43.705882352941174,-1.7647058823529411,2.876374101624557,47.09,-5.819999999999993
2014,Arkansas,2,4.2,45.68,188,43.705882352941174,-1.7647058823529411,2.876374101624557,47.09,-5.819999999999993
2014,Arkansas,4,5.25,44.2,188,43.705882352941174,-1.7647058823529411,2.876374101624557,47.09,-5.819999999999993
2014,California,3,1.6,52.72,188,43.705882352941174,-1.7647058823529411,2.876374101624557,47.09,-5.819999999999993
2014,California,7,4.2,50.4,188,43.705882352941174,-1.7647058823529411,2.876374101624557,47.09,-5.819999999999993
2014,California,9,1.2,52.37,188,43.705882352941174,-1.7647058823529411,2.876374101624557,47.09,-5.819999999999993
2014,California,21,5.45,42.17,188,43.705882352941174,-1.7647058823529411,2.876374101624557,47.09,-5.819999999999993
2014,California,24,1.95,51.93,188,43.705882352941174,-1.7647058823529411,2.876374101624557,47.09,-5.819999999999993
2014,California,26,3.5,51.33,188,43.705882352941174,-1.7647058823529411,2.876374101624557,47.09,-5.819999999999993
2014,California,31,2.9,51.73,188,43.705882352941174,-1.7647058823529411,2.876374101624557,47.09,-5.819999999999993
2014,California,36,2.6,54.18,188,43.705882352941174,-1.7647058823529411,2.876374101624557,47.09,-5.819999999999993
2014,California,52,3.8,51.59,188,43.705882352941174,-1.7647058823529411,2.876374101624557,47.09,-5.819999999999993
2014,Colorado,6,4.4,45.31,188,43.705882352941174,-1.7647058823529411,2.876374101624557,47.09,-5.819999999999993
2014,Connecticut,5,1.8,53.74,188,43.705882352941174,-1.7647058823529411,2.876374101624557,47.09,-5.819999999999993
2014,Florida,2,3.8,50.57,188,43.705882352941174,-1.7647058823529411,2.876374101624557,47.09,-5.819999999999993
2014,Florida,18,2.2,59.78,188,43.705882352941174,-1.7647058823529411,2.876374101624557,47.09,-5.819999999999993
2014,Florida,26,4.2,48.54,188,43.705882352941174,-1.7647058823529411,2.876374101624557,47.09,-5.819999999999993
2014,Georgia,12,3.5,45.25,188,43.705882352941174,-1.7647058823529411,2.876374101624557,47.09,-5.819999999999993
2014,Hawaii,1,3.1,51.93,188,43.705882352941174,-1.7647058823529411,2.876374101624557,47.09,-5.819999999999993
2014,Illinois,8,1.2,55.73,188,43.705882352941174,-1.7647058823529411,2.876374101624557,47.09,-5.819999999999993
2014,Illinois,10,4.2,48.7,188,43.705882352941174,-1.7647058823529411,2.876374101624557,47.09,-5.819999999999993
2014,Illinois,11,2,53.46,188,43.705882352941174,-1.7647058823529411,2.876374101624557,47.09,-5.819999999999993
2014,Illinois,12,4.2,44.4,188,43.705882352941174,-1.7647058823529411,2.876374101624557,47.09,-5.819999999999993
2014,Illinois,13,6,41.34,188,43.705882352941174,-1.7647058823529411,2.876374101624557,47.09,-5.819999999999993
2014,Illinois,17,2.55,55.46,188,43.705882352941174,-1.7647058823529411,2.876374101624557,47.09,-5.819999999999993
2014,Indiana,2,6.6,39.38,188,43.705882352941174,-1.7647058823529411,2.876374101624557,47.09,-5.819999999999993
2014,Iowa,1,3.8,48.85,188,43.705882352941174,-1.7647058823529411,2.876374101624557,47.09,-5.819999999999993
2014,Iowa,2,2.9,52.56,188,43.705882352941174,-1.7647058823529411,2.876374101624557,47.09,-5.819999999999993
2014,Iowa,3,4.2,44.46,188,43.705882352941174,-1.7647058823529411,2.876374101624557,47.09,-5.819999999999993
2014,Iowa,4,6.6,38.32,188,43.705882352941174,-1.7647058823529411,2.876374101624557,47.09,-5.819999999999993
2014,Kansas,2,6.2,40.37,188,43.705882352941174,-1.7647058823529411,2.876374101624557,47.09,-5.819999999999993
2014,Kansas,3,6.4,39.98,188,43.705882352941174,-1.7647058823529411,2.876374101624557,47.09,-5.819999999999993
2014,Maine,2,3.1,47.07,188,43.705882352941174,-1.7647058823529411,2.876374101624557,47.09,-5.819999999999993
2014,Maryland,6,1.6,50.74,188,43.705882352941174,-1.7647058823529411,2.876374101624557,47.09,-5.819999999999993
2014,Massachusetts,6,3.4,57.2,188,43.705882352941174,-1.7647058823529411,2.876374101624557,47.09,-5.819999999999993
2014,Massachusetts,9,2.15,54.98,188,43.705882352941174,-1.7647058823529411,2.876374101624557,47.09,-5.819999999999993
2014,Michigan,1,5.65,46.48,188,43.705882352941174,-1.7647058823529411,2.876374101624557,47.09,-5.819999999999993
2014,Michigan,4,6.8,40.9,188,43.705882352941174,-1.7647058823529411,2.876374101624557,47.09,-5.819999999999993
2014,Michigan,6,6.6,41.95,188,43.705882352941174,-1.7647058823529411,2.876374101624557,47.09,-5.819999999999993
2014,Michigan,7,6.4,43.51,188,43.705882352941174,-1.7647058823529411,2.876374101624557,47.09,-5.819999999999993
2014,Michigan,8,6.4,43.52,188,43.705882352941174,-1.7647058823529411,2.876374101624557,47.09,-5.819999999999993
2014,Michigan,11,6.6,42,188,43.705882352941174,-1.7647058823529411,2.876374101624557,47.09,-5.819999999999993
2014,Minnesota,1,1.2,54.27,188,43.705882352941174,-1.7647058823529411,2.876374101624557,47.09,-5.819999999999993
2014,Minnesota,7,3.1,54.28,188,43.705882352941174,-1.7647058823529411,2.876374101624557,47.09,-5.819999999999993
2014,Minnesota,8,4.2,50.73,188,43.705882352941174,-1.7647058823529411,2.876374101624557,47.09,-5.819999999999993
2014,Montana,AL,6.4,42.17,188,43.705882352941174,-1.7647058823529411,2.876374101624557,47.09,-5.819999999999993
2014,Nebraska,2,3.8,51.76,188,43.705882352941174,-1.7647058823529411,2.876374101624557,47.09,-5.819999999999993
2014,Nevada,3,6.6,37.29,188,43.705882352941174,-1.7647058823529411,2.876374101624557,47.09,-5.819999999999993
2014,Nevada,4,2.95,48.53,188,43.705882352941174,-1.7647058823529411,2.876374101624557,47.09,-5.819999999999993
2014,New Hampshire,1,4.2,48.2,188,43.705882352941174,-1.7647058823529411,2.876374101624557,47.09,-5.819999999999993
2014,New Hampshire,2,3.1,55.02,188,43.705882352941174,-1.7647058823529411,2.876374101624557,47.09,-5.819999999999993
2014,New Jersey,3,5.1,45.1,188,43.705882352941174,-1.7647058823529411,2.876374101624557,47.09,-5.819999999999993
2014,New Jersey,5,6.6,43.87,188,43.705882352941174,-1.7647058823529411,2.876374101624557,47.09,-5.819999999999993
2014,New York,1,4.2,45.57,188,43.705882352941174,-1.7647058823529411,2.876374101624557,47.09,-5.819999999999993
2014,New York,4,1.6,52.84,188,43.705882352941174,-1.7647058823529411,2.876374101624557,47.09,-5.819999999999993
2014,New York,11,4.6,43.45,188,43.705882352941174,-1.7647058823529411,2.876374101624557,47.09,-5.819999999999993
2014,New York,18,3.4,50.95,188,43.705882352941174,-1.7647058823529411,2.876374101624557,47.09,-5.819999999999993
2014,New York,19,6.2,35.51,188,43.705882352941174,-1.7647058823529411,2.876374101624557,47.09,-5.819999999999993
2014,New York,21,6,38.03,188,43.705882352941174,-1.7647058823529411,2.876374101624557,47.09,-5.819999999999993
2014,New York,23,6.4,38.31,188,43.705882352941174,-1.7647058823529411,2.876374101624557,47.09,-5.819999999999993
2014,New York,24,3.8,40.4,188,43.705882352941174,-1.7647058823529411,2.876374101624557,47.09,-5.819999999999993
2014,North Carolina,7,6.8,38.47,188,43.705882352941174,-1.7647058823529411,2.876374101624557,47.09,-5.819999999999993
2014,North Dakota,AL,6.4,40.93,188,43.705882352941174,-1.7647058823529411,2.876374101624557,47.09,-5.819999999999993
2014,Ohio,6,6.8,39.85,188,43.705882352941174,-1.7647058823529411,2.876374101624557,47.09,-5.819999999999993
2014,Ohio,14,6.8,34.3,188,43.705882352941174,-1.7647058823529411,2.876374101624557,47.09,-5.819999999999993
2014,Pennsylvania,6,6.45,43.71,188,43.705882352941174,-1.7647058823529411,2.876374101624557,47.09,-5.819999999999993
2014,Texas,23,2.9,48.92,188,43.705882352941174,-1.7647058823529411,2.876374101624557,47.09,-5.819999999999993
2014,Utah,4,6.4,47.36,188,43.705882352941174,-1.7647058823529411,2.876374101624557,47.09,-5.819999999999993
2014,Virginia,10,4.9,41.67,188,43.705882352941174,-1.7647058823529411,2.876374101624557,47.09,-5.819999999999993
2014,Washington,1,1.4,55.04,188,43.705882352941174,-1.7647058823529411,2.876374101624557,47.09,-5.819999999999993
2014,West Virginia,2,4.4,48.24,188,43.705882352941174,-1.7647058823529411,2.876374101624557,47.09,-5.819999999999993
2014,West Virginia,3,4.2,44.65,188,43.705882352941174,-1.7647058823529411,2.876374101624557,47.09,-5.819999999999993
2014,Wisconsin,6,6.4,41.86,188,43.705882352941174,-1.7647058823529411,2.876374101624557,47.09,-5.819999999999993
2014,Wisconsin,7,6.8,39.93,188,43.705882352941174,-1.7647058823529411,2.876374101624557,47.09,-5.819999999999993
2016,Alaska,AL,5.8,41.72,194,45.71875,3.6875,1.0943962789054629,49.5,-1
2016,Arizona,1,3.1,53.88,194,45.71875,3.6875,1.0943962789054629,49.5,-1
2016,Arizona,2,6,43.04,194,45.71875,3.6875,1.0943962789054629,49.5,-1
2016,California,7,2.9,51.17,194,45.71875,3.6875,1.0943962789054629,49.5,-1
2016,California,10,4.3,48.3,194,45.71875,3.6875,1.0943962789054629,49.5,-1
2016,California,21,5.45,43.26,194,45.71875,3.6875,1.0943962789054629,49.5,-1
2016,California,24,2.75,53.42,194,45.71875,3.6875,1.0943962789054629,49.5,-1
2016,California,25,4.25,46.87,194,45.71875,3.6875,1.0943962789054629,49.5,-1
2016,California,49,3.95,49.74,194,45.71875,3.6875,1.0943962789054629,49.5,-1
2016,California,52,1.2,56.53,194,45.71875,3.6875,1.0943962789054629,49.5,-1
2016,Colorado,3,6,42.49,194,45.71875,3.6875,1.0943962789054629,49.5,-1
2016,Colorado,6,4.35,45.56,194,45.71875,3.6875,1.0943962789054629,49.5,-1
2016,Florida,2,6.6,30.78,194,45.71875,3.6875,1.0943962789054629,49.5,-1
2016,Florida,7,3.65,51.48,194,45.71875,3.6875,1.0943962789054629,49.5,-1
2016,Florida,10,1.4,64.87,194,45.71875,3.6875,1.0943962789054629,49.5,-1
2016,Florida,13,2.9,51.9,194,45.71875,3.6875,1.0943962789054629,49.5,-1
2016,Florida,18,4.4,44.56,194,45.71875,3.6875,1.0943962789054629,49.5,-1
2016,Florida,26,4.2,43.74,194,45.71875,3.6875,1.0943962789054629,49.5,-1
2016,Florida,27,6.6,45.11,194,45.71875,3.6875,1.0943962789054629,49.5,-1
2016,Illinois,10,3.8,52.61,194,45.71875,3.6875,1.0943962789054629,49.5,-1
2016,Illinois,12,6.2,42.23,194,45.71875,3.6875,1.0943962789054629,49.5,-1
2016,Indiana,2,6.2,38.39,194,45.71875,3.6875,1.0943962789054629,49.5,-1
2016,Indiana,9,5.45,42.77,194,45.71875,3.6875,1.0943962789054629,49.5,-1
2016,Iowa,1,4.2,46.16,194,45.71875,3.6875,1.0943962789054629,49.5,-1
2016,Iowa,3,4.95,42.63,194,45.71875,3.6875,1.0943962789054629,49.5,-1
2016,Kansas,3,5.1,44.18,194,45.71875,3.6875,1.0943962789054629,49.5,-1
2016,Maine,2,3.8,45.2,194,45.71875,3.6875,1.0943962789054629,49.5,-1
2016,Maryland,6,1.4,58.26,194,45.71875,3.6875,1.0943962789054629,49.5,-1
2016,Michigan,1,4.55,42.19,194,45.71875,3.6875,1.0943962789054629,49.5,-1
2016,Michigan,6,6.8,38.3,194,45.71875,3.6875,1.0943962789054629,49.5,-1
2016,Michigan,7,5.45,42.1,194,45.71875,3.6875,1.0943962789054629,49.5,-1
2016,Michigan,8,6,41.15,194,45.71875,3.6875,1.0943962789054629,49.5,-1
2016,Minnesota,2,3.45,49.03,194,45.71875,3.6875,1.0943962789054629,49.5,-1
2016,Minnesota,3,5.25,43.14,194,45.71875,3.6875,1.0943962789054629,49.5,-1
2016,Minnesota,8,3.5,50.28,194,45.71875,3.6875,1.0943962789054629,49.5,-1
2016,Montana,AL,6.05,41.92,194,45.71875,3.6875,1.0943962789054629,49.5,-1
2016,Nebraska,2,3.65,49.38,194,45.71875,3.6875,1.0943962789054629,49.5,-1
2016,Nevada,3,3.6,50.68,194,45.71875,3.6875,1.0943962789054629,49.5,-1
2016,Nevada,4,3.05,52.15,194,45.71875,3.6875,1.0943962789054629,49.5,-1
2016,New Hampshire,1,3.05,50.77,194,45.71875,3.6875,1.0943962789054629,49.5,-1
2016,New Jersey,5,3.65,52.26,194,45.71875,3.6875,1.0943962789054629,49.5,-1
2016,New York,1,5.3,41.78,194,45.71875,3.6875,1.0943962789054629,49.5,-1
2016,New York,3,2.5,53,194,45.71875,3.6875,1.0943962789054629,49.5,-1
2016,New York,19,4.2,45.94,194,45.71875,3.6875,1.0943962789054629,49.5,-1
2016,New York,21,6.2,31.59,194,45.71875,3.6875,1.0943962789054629,49.5,-1
2016,New York,22,4.4,46.89,194,45.71875,3.6875,1.0943962789054629,49.5,-1
2016,New York,23,6,42.41,194,45.71875,3.6875,1.0943962789054629,49.5,-1
2016,New York,24,5.25,39.44,194,45.71875,3.6875,1.0943962789054629,49.5,-1
2016,New York,25,1.4,56.19,194,45.71875,3.6875,1.0943962789054629,49.5,-1
2016,Pennsylvania,6,6.6,42.76,194,45.71875,3.6875,1.0943962789054629,49.5,-1
2016,Pennsylvania,8,4.2,45.57,194,45.71875,3.6875,1.0943962789054629,49.5,-1
2016,Pennsylvania,16,5.8,44.38,194,45.71875,3.6875,1.0943962789054629,49.5,-1
2016,Texas,23,3.8,49.3,194,45.71875,3.6875,1.0943962789054629,49.5,-1
2016,Utah,4,5.25,43.45,194,45.71875,3.6875,1.0943962789054629,49.5,-1
2016,Virginia,4,1.4,57.87,194,45.71875,3.6875,1.0943962789054629,49.5,-1
2016,Virginia,5,5.85,41.66,194,45.71875,3.6875,1.0943962789054629,49.5,-1
2016,Virginia,10,4.35,47.1,194,45.71875,3.6875,1.0943962789054629,49.5,-1
2016,Wisconsin,8,5.45,37.32,194,45.71875,3.6875,1.0943962789054629,49.5,-1
2018,Alaska,AL,5.041666667,46.69,235,48.41025641025641,7.128205128205129,1.502263068790377,54.35,8.700000000000003
2018,Arizona,1,2.583333333,53.84,235,48.41025641025641,7.128205128205129,1.502263068790377,54.35,8.700000000000003
2018,Arizona,2,2.25,54.75,235,48.41025641025641,7.128205128205129,1.502263068790377,54.35,8.700000000000003
2018,Arizona,6,6.333333333,44.81,235,48.41025641025641,7.128205128205129,1.502263068790377,54.35,8.700000000000003
2018,Arizona,8,6.208333333,44.54,235,48.41025641025641,7.128205128205129,1.502263068790377,54.35,8.700000000000003
2018,Arizona,9,1.166666667,61.09,235,48.41025641025641,7.128205128205129,1.502263068790377,54.35,8.700000000000003
2018,Arkansas,2,5.875,46.78,235,48.41025641025641,7.128205128205129,1.502263068790377,54.35,8.700000000000003
2018,California,1,6.666666667,45.11,235,48.41025641025641,7.128205128205129,1.502263068790377,54.35,8.700000000000003
2018,California,4,6.041666667,45.87,235,48.41025641025641,7.128205128205129,1.502263068790377,54.35,8.700000000000003
2018,California,7,1.666666667,55.04,235,48.41025641025641,7.128205128205129,1.502263068790377,54.35,8.700000000000003
2018,California,10,3.5,52.25,235,48.41025641025641,7.128205128205129,1.502263068790377,54.35,8.700000000000003
2018,California,16,1.333333333,57.55,235,48.41025641025641,7.128205128205129,1.502263068790377,54.35,8.700000000000003
2018,California,21,5.875,50.38,235,48.41025641025641,7.128205128205129,1.502263068790377,54.35,8.700000000000003
2018,California,22,6.333333333,47.28,235,48.41025641025641,7.128205128205129,1.502263068790377,54.35,8.700000000000003
2018,California,24,1.333333333,58.56,235,48.41025641025641,7.128205128205129,1.502263068790377,54.35,8.700000000000003
2018,California,25,4,54.37,235,48.41025641025641,7.128205128205129,1.502263068790377,54.35,8.700000000000003
2018,California,39,4.166666667,51.56,235,48.41025641025641,7.128205128205129,1.502263068790377,54.35,8.700000000000003
2018,California,45,3.666666667,52.05,235,48.41025641025641,7.128205128205129,1.502263068790377,54.35,8.700000000000003
2018,California,48,3.708333333,53.55,235,48.41025641025641,7.128205128205129,1.502263068790377,54.35,8.700000000000003
2018,California,49,2.083333333,56.42,235,48.41025641025641,7.128205128205129,1.502263068790377,54.35,8.700000000000003
2018,California,50,5.25,48.28,235,48.41025641025641,7.128205128205129,1.502263068790377,54.35,8.700000000000003
2018,Colorado,3,6,45.81,235,48.41025641025641,7.128205128205129,1.502263068790377,54.35,8.700000000000003
2018,Colorado,6,2.875,55.79,235,48.41025641025641,7.128205128205129,1.502263068790377,54.35,8.700000000000003
2018,Florida,6,5.25,43.69,235,48.41025641025641,7.128205128205129,1.502263068790377,54.35,8.700000000000003
2018,Florida,7,2.125,57.69,235,48.41025641025641,7.128205128205129,1.502263068790377,54.35,8.700000000000003
2018,Florida,13,1.166666667,57.64,235,48.41025641025641,7.128205128205129,1.502263068790377,54.35,8.700000000000003
2018,Florida,15,4.458333333,46.98,235,48.41025641025641,7.128205128205129,1.502263068790377,54.35,8.700000000000003
2018,Florida,16,5.708333333,45.44,235,48.41025641025641,7.128205128205129,1.502263068790377,54.35,8.700000000000003
2018,Florida,18,5.375,45.7,235,48.41025641025641,7.128205128205129,1.502263068790377,54.35,8.700000000000003
2018,Florida,25,5.833333333,39.55,235,48.41025641025641,7.128205128205129,1.502263068790377,54.35,8.700000000000003
2018,Florida,26,4.166666667,50.87,235,48.41025641025641,7.128205128205129,1.502263068790377,54.35,8.700000000000003
2018,Florida,27,2.916666667,53.08,235,48.41025641025641,7.128205128205129,1.502263068790377,54.35,8.700000000000003
2018,Georgia,6,4.583333333,50.51,235,48.41025641025641,7.128205128205129,1.502263068790377,54.35,8.700000000000003
2018,Georgia,7,5.25,49.93,235,48.41025641025641,7.128205128205129,1.502263068790377,54.35,8.700000000000003
2018,Illinois,6,3.541666667,53.58,235,48.41025641025641,7.128205128205129,1.502263068790377,54.35,8.700000000000003
2018,Illinois,12,4.958333333,46.81,235,48.41025641025641,7.128205128205129,1.502263068790377,54.35,8.700000000000003
2018,Illinois,13,5.083333333,49.62,235,48.41025641025641,7.128205128205129,1.502263068790377,54.35,8.700000000000003
2018,Illinois,14,3.666666667,52.5,235,48.41025641025641,7.128205128205129,1.502263068790377,54.35,8.700000000000003
2018,Indiana,2,6.208333333,45.16,235,48.41025641025641,7.128205128205129,1.502263068790377,54.35,8.700000000000003
2018,Indiana,9,6.5,43.52,235,48.41025641025641,7.128205128205129,1.502263068790377,54.35,8.700000000000003
2018,Iowa,1,2.583333333,52.61,235,48.41025641025641,7.128205128205129,1.502263068790377,54.35,8.700000000000003
2018,Iowa,2,1.166666667,56.26,235,48.41025641025641,7.128205128205129,1.502263068790377,54.35,8.700000000000003
2018,Iowa,3,3.666666667,51.12,235,48.41025641025641,7.128205128205129,1.502263068790377,54.35,8.700000000000003
2018,Iowa,4,5.541666667,48.29,235,48.41025641025641,7.128205128205129,1.502263068790377,54.35,8.700000000000003
2018,Kansas,2,3.666666667,49.55,235,48.41025641025641,7.128205128205129,1.502263068790377,54.35,8.700000000000003
2018,Kansas,3,2.75,54.96,235,48.41025641025641,7.128205128205129,1.502263068790377,54.35,8.700000000000003
2018,Kentucky,6,4.166666667,48.37,235,48.41025641025641,7.128205128205129,1.502263068790377,54.35,8.700000000000003
2018,Maine,2,3.666666667,49.59,235,48.41025641025641,7.128205128205129,1.502263068790377,54.35,8.700000000000003
2018,Maine,2,3.666666667,50.62,235,48.41025641025641,7.128205128205129,1.502263068790377,54.35,8.700000000000003
2018,Michigan,1,6.333333333,43.68,235,48.41025641025641,7.128205128205129,1.502263068790377,54.35,8.700000000000003
2018,Michigan,2,6.666666667,43.72,235,48.41025641025641,7.128205128205129,1.502263068790377,54.35,8.700000000000003
2018,Michigan,3,6.666666667,44.24,235,48.41025641025641,7.128205128205129,1.502263068790377,54.35,8.700000000000003
2018,Michigan,6,5.375,47.63,235,48.41025641025641,7.128205128205129,1.502263068790377,54.35,8.700000000000003
2018,Michigan,7,5.541666667,46.2,235,48.41025641025641,7.128205128205129,1.502263068790377,54.35,8.700000000000003
2018,Michigan,8,3.541666667,51.97,235,48.41025641025641,7.128205128205129,1.502263068790377,54.35,8.700000000000003
2018,Michigan,11,3.041666667,53.44,235,48.41025641025641,7.128205128205129,1.502263068790377,54.35,8.700000000000003
2018,Minnesota,1,3.833333333,49.77,235,48.41025641025641,7.128205128205129,1.502263068790377,54.35,8.700000000000003
2018,Minnesota,2,3.041666667,52.76,235,48.41025641025641,7.128205128205129,1.502263068790377,54.35,8.700000000000003
2018,Minnesota,3,3.041666667,55.72,235,48.41025641025641,7.128205128205129,1.502263068790377,54.35,8.700000000000003
2018,Minnesota,7,2.166666667,52.13,235,48.41025641025641,7.128205128205129,1.502263068790377,54.35,8.700000000000003
2018,Minnesota,8,5.25,47.11,235,48.41025641025641,7.128205128205129,1.502263068790377,54.35,8.700000000000003
2018,Missouri,2,6,47.99,235,48.41025641025641,7.128205128205129,1.502263068790377,54.35,8.700000000000003
2018,Montana,AL,5.208333333,47.61,235,48.41025641025641,7.128205128205129,1.502263068790377,54.35,8.700000000000003
2018,Nebraska,2,5.083333333,49,235,48.41025641025641,7.128205128205129,1.502263068790377,54.35,8.700000000000003
2018,Nevada,3,3.041666667,54.78,235,48.41025641025641,7.128205128205129,1.502263068790377,54.35,8.700000000000003
2018,Nevada,4,2.75,54.28,235,48.41025641025641,7.128205128205129,1.502263068790377,54.35,8.700000000000003
2018,New Hampshire,1,2.583333333,54.34,235,48.41025641025641,7.128205128205129,1.502263068790377,54.35,8.700000000000003
2018,New Hampshire,2,1.166666667,56.84,235,48.41025641025641,7.128205128205129,1.502263068790377,54.35,8.700000000000003
2018,New Jersey,2,1.458333333,53.91,235,48.41025641025641,7.128205128205129,1.502263068790377,54.35,8.700000000000003
2018,New Jersey,3,3.708333333,50.66,235,48.41025641025641,7.128205128205129,1.502263068790377,54.35,8.700000000000003
2018,New Jersey,4,6.833333333,43.74,235,48.41025641025641,7.128205128205129,1.502263068790377,54.35,8.700000000000003
2018,New Jersey,5,1.666666667,56.93,235,48.41025641025641,7.128205128205129,1.502263068790377,54.35,8.700000000000003
2018,New Jersey,7,3.333333333,52.55,235,48.41025641025641,7.128205128205129,1.502263068790377,54.35,8.700000000000003
2018,New Jersey,11,2.75,57.4,235,48.41025641025641,7.128205128205129,1.502263068790377,54.35,8.700000000000003
2018,New Mexico,1,1.166666667,61.95,235,48.41025641025641,7.128205128205129,1.502263068790377,54.35,8.700000000000003
2018,New Mexico,2,3.833333333,50.93,235,48.41025641025641,7.128205128205129,1.502263068790377,54.35,8.700000000000003
2018,New York,1,5.833333333,47.93,235,48.41025641025641,7.128205128205129,1.502263068790377,54.35,8.700000000000003
2018,New York,2,6.166666667,46.89,235,48.41025641025641,7.128205128205129,1.502263068790377,54.35,8.700000000000003
2018,New York,3,1.166666667,58.98,235,48.41025641025641,7.128205128205129,1.502263068790377,54.35,8.700000000000003
2018,New York,11,5.416666667,53.24,235,48.41025641025641,7.128205128205129,1.502263068790377,54.35,8.700000000000003
2018,New York,18,1.333333333,55.47,235,48.41025641025641,7.128205128205129,1.502263068790377,54.35,8.700000000000003
2018,New York,19,3.541666667,52.67,235,48.41025641025641,7.128205128205129,1.502263068790377,54.35,8.700000000000003
2018,New York,21,6.333333333,43.06,235,48.41025641025641,7.128205128205129,1.502263068790377,54.35,8.700000000000003
2018,New York,22,3.708333333,50.89,235,48.41025641025641,7.128205128205129,1.502263068790377,54.35,8.700000000000003
2018,New York,23,6.333333333,45.76,235,48.41025641025641,7.128205128205129,1.502263068790377,54.35,8.700000000000003
2018,New York,24,5.416666667,47.37,235,48.41025641025641,7.128205128205129,1.502263068790377,54.35,8.700000000000003
2018,New York,27,5.25,49.81,235,48.41025641025641,7.128205128205129,1.502263068790377,54.35,8.700000000000003
2018,North Carolina,2,5.25,47.19,235,48.41025641025641,7.128205128205129,1.502263068790377,54.35,8.700000000000003
2018,North Carolina,6,6.833333333,43.48,235,48.41025641025641,7.128205128205129,1.502263068790377,54.35,8.700000000000003
2018,North Carolina,7,6.833333333,43.52,235,48.41025641025641,7.128205128205129,1.502263068790377,54.35,8.700000000000003
2018,North Carolina,8,6.333333333,44.66,235,48.41025641025641,7.128205128205129,1.502263068790377,54.35,8.700000000000003
2018,North Carolina,9,3.833333333,49.84,235,48.41025641025641,7.128205128205129,1.502263068790377,54.35,8.700000000000003
2018,North Carolina,13,4.791666667,46.91,235,48.41025641025641,7.128205128205129,1.502263068790377,54.35,8.700000000000003
2018,Ohio,1,5.125,47.75,235,48.41025641025641,7.128205128205129,1.502263068790377,54.35,8.700000000000003
2018,Ohio,7,6.666666667,41.26,235,48.41025641025641,7.128205128205129,1.502263068790377,54.35,8.700000000000003
2018,Ohio,10,6.166666667,42.99,235,48.41025641025641,7.128205128205129,1.502263068790377,54.35,8.700000000000003
2018,Ohio,12,4.666666667,47.86,235,48.41025641025641,7.128205128205129,1.502263068790377,54.35,8.700000000000003
2018,Ohio,14,5.875,44.75,235,48.41025641025641,7.128205128205129,1.502263068790377,54.35,8.700000000000003
2018,Ohio,15,6.833333333,40.5,235,48.41025641025641,7.128205128205129,1.502263068790377,54.35,8.700000000000003
2018,Ohio,16,6.833333333,43.27,235,48.41025641025641,7.128205128205129,1.502263068790377,54.35,8.700000000000003
2018,Oklahoma,5,6.166666667,50.7,235,48.41025641025641,7.128205128205129,1.502263068790377,54.35,8.700000000000003
2018,Oregon,5,1.5,56.81,235,48.41025641025641,7.128205128205129,1.502263068790377,54.35,8.700000000000003
2018,Pennsylvania,1,4.166666667,48.74,235,48.41025641025641,7.128205128205129,1.502263068790377,54.35,8.700000000000003
2018,Pennsylvania,5,1.458333333,65.19,235,48.41025641025641,7.128205128205129,1.502263068790377,54.35,8.700000000000003
2018,Pennsylvania,6,1.458333333,58.88,235,48.41025641025641,7.128205128205129,1.502263068790377,54.35,8.700000000000003
2018,Pennsylvania,7,2.583333333,55.17,235,48.41025641025641,7.128205128205129,1.502263068790377,54.35,8.700000000000003
2018,Pennsylvania,8,1.916666667,54.64,235,48.41025641025641,7.128205128205129,1.502263068790377,54.35,8.700000000000003
2018,Pennsylvania,10,4.75,48.68,235,48.41025641025641,7.128205128205129,1.502263068790377,54.35,8.700000000000003
2018,Pennsylvania,11,6.833333333,41.02,235,48.41025641025641,7.128205128205129,1.502263068790377,54.35,8.700000000000003
2018,Pennsylvania,14,6.541666667,42.09,235,48.41025641025641,7.128205128205129,1.502263068790377,54.35,8.700000000000003
2018,Pennsylvania,16,5.208333333,47.83,235,48.41025641025641,7.128205128205129,1.502263068790377,54.35,8.700000000000003
2018,Pennsylvania,17,1.916666667,56.26,235,48.41025641025641,7.128205128205129,1.502263068790377,54.35,8.700000000000003
2018,South Carolina,1,5.375,50.69,235,48.41025641025641,7.128205128205129,1.502263068790377,54.35,8.700000000000003
2018,Texas,2,6.333333333,46.3,235,48.41025641025641,7.128205128205129,1.502263068790377,54.35,8.700000000000003
2018,Texas,6,6.5,46.11,235,48.41025641025641,7.128205128205129,1.502263068790377,54.35,8.700000000000003
2018,Texas,7,4.291666667,52.53,235,48.41025641025641,7.128205128205129,1.502263068790377,54.35,8.700000000000003
2018,Texas,10,6.666666667,47.82,235,48.41025641025641,7.128205128205129,1.502263068790377,54.35,8.700000000000003
2018,Texas,21,6.041666667,48.67,235,48.41025641025641,7.128205128205129,1.502263068790377,54.35,8.700000000000003
2018,Texas,22,6.166666667,47.49,235,48.41025641025641,7.128205128205129,1.502263068790377,54.35,8.700000000000003
2018,Texas,23,5.25,49.77,235,48.41025641025641,7.128205128205129,1.502263068790377,54.35,8.700000000000003
2018,Texas,24,6.833333333,48.44,235,48.41025641025641,7.128205128205129,1.502263068790377,54.35,8.700000000000003
2018,Texas,25,6.833333333,45.55,235,48.41025641025641,7.128205128205129,1.502263068790377,54.35,8.700000000000003
2018,Texas,31,6.208333333,48.52,235,48.41025641025641,7.128205128205129,1.502263068790377,54.35,8.700000000000003
2018,Texas,32,4,53.32,235,48.41025641025641,7.128205128205129,1.502263068790377,54.35,8.700000000000003
2018,Utah,4,3.666666667,50.13,235,48.41025641025641,7.128205128205129,1.502263068790377,54.35,8.700000000000003
2018,Virginia,2,4.291666667,51.12,235,48.41025641025641,7.128205128205129,1.502263068790377,54.35,8.700000000000003
2018,Virginia,5,4.875,46.73,235,48.41025641025641,7.128205128205129,1.502263068790377,54.35,8.700000000000003
2018,Virginia,7,3.833333333,50.98,235,48.41025641025641,7.128205128205129,1.502263068790377,54.35,8.700000000000003
2018,Virginia,10,2.875,56.2,235,48.41025641025641,7.128205128205129,1.502263068790377,54.35,8.700000000000003
2018,Washington,3,5.208333333,47.33,235,48.41025641025641,7.128205128205129,1.502263068790377,54.35,8.700000000000003
2018,Washington,5,5.375,45.24,235,48.41025641025641,7.128205128205129,1.502263068790377,54.35,8.700000000000003
2018,Washington,8,3.5,52.42,235,48.41025641025641,7.128205128205129,1.502263068790377,54.35,8.700000000000003
2018,West Virginia,2,6.666666667,44.33,235,48.41025641025641,7.128205128205129,1.502263068790377,54.35,8.700000000000003
2018,West Virginia,3,5.25,43.63,235,48.41025641025641,7.128205128205129,1.502263068790377,54.35,8.700000000000003
2018,Wisconsin,1,5.25,43.65,235,48.41025641025641,7.128205128205129,1.502263068790377,54.35,8.700000000000003
2018,Wisconsin,3,1.166666667,59.67,235,48.41025641025641,7.128205128205129,1.502263068790377,54.35,8.700000000000003
2018,Wisconsin,6,6.5,44.49,235,48.41025641025641,7.128205128205129,1.502263068790377,54.35,8.700000000000003
2020,Alaska,AL,5.40625,45.42,222,49.666666666666664,7.4,-10.766756094445018,51.5,3
2020,Arizona,1,2.34375,51.61,222,49.666666666666664,7.4,-10.766756094445018,51.5,3
2020,Arizona,2,1.125,55.12,222,49.666666666666664,7.4,-10.766756094445018,51.5,3
2020,Arizona,6,4.125,47.83,222,49.666666666666664,7.4,-10.766756094445018,51.5,3
2020,Arkansas,2,4.5,44.63,222,49.666666666666664,7.4,-10.766756094445018,51.5,3
2020,California,1,6.5,43.01,222,49.666666666666664,7.4,-10.766756094445018,51.5,3
2020,California,4,6.25,44.05,222,49.666666666666664,7.4,-10.766756094445018,51.5,3
2020,California,7,1.125,56.62,222,49.666666666666664,7.4,-10.766756094445018,51.5,3
2020,California,8,6.75,43.94,222,49.666666666666664,7.4,-10.766756094445018,51.5,3
2020,California,10,1.625,55.16,222,49.666666666666664,7.4,-10.766756094445018,51.5,3
2020,California,21,3.625,49.55,222,49.666666666666664,7.4,-10.766756094445018,51.5,3
2020,California,22,6.625,45.77,222,49.666666666666664,7.4,-10.766756094445018,51.5,3
2020,California,25,4.125,49.95,222,49.666666666666664,7.4,-10.766756094445018,51.5,3
2020,California,39,2.96875,49.4,222,49.666666666666664,7.4,-10.766756094445018,51.5,3
2020,California,42,6.875,42.87,222,49.666666666666664,7.4,-10.766756094445018,51.5,3
2020,California,45,1.25,53.46,222,49.666666666666664,7.4,-10.766756094445018,51.5,3
2020,California,48,2.9375,48.94,222,49.666666666666664,7.4,-10.766756094445018,51.5,3
2020,California,50,5.78125,46.05,222,49.666666666666664,7.4,-10.766756094445018,51.5,3
2020,Colorado,3,4.71875,46.8,222,49.666666666666664,7.4,-10.766756094445018,51.5,3
2020,Colorado,6,1.125,58.83,222,49.666666666666664,7.4,-10.766756094445018,51.5,3
2020,Florida,7,1.25,56.14,222,49.666666666666664,7.4,-10.766756094445018,51.5,3
2020,Florida,13,1.25,53.04,222,49.666666666666664,7.4,-10.766756094445018,51.5,3
2020,Florida,15,5.1875,44.61,222,49.666666666666664,7.4,-10.766756094445018,51.5,3
2020,Florida,16,5.90625,44.5,222,49.666666666666664,7.4,-10.766756094445018,51.5,3
2020,Florida,18,6.28125,42.43,222,49.666666666666664,7.4,-10.766756094445018,51.5,3
2020,Florida,26,3.03125,48.28,222,49.666666666666664,7.4,-10.766756094445018,51.5,3
2020,Florida,27,1.875,48.63,222,49.666666666666664,7.4,-10.766756094445018,51.5,3
2020,Georgia,6,2.71875,54.59,222,49.666666666666664,7.4,-10.766756094445018,51.5,3
2020,Georgia,7,3.40625,51.39,222,49.666666666666664,7.4,-10.766756094445018,51.5,3
2020,Illinois,6,1.5,53.76,222,49.666666666666664,7.4,-10.766756094445018,51.5,3
2020,Illinois,13,4.375,45.54,222,49.666666666666664,7.4,-10.766756094445018,51.5,3
2020,Illinois,14,2,50.67,222,49.666666666666664,7.4,-10.766756094445018,51.5,3
2020,Illinois,17,1.875,52.03,222,49.666666666666664,7.4,-10.766756094445018,51.5,3
2020,Indiana,5,3.65625,47.87,222,49.666666666666664,7.4,-10.766756094445018,51.5,3
2020,Iowa,1,3.0625,48.7,222,49.666666666666664,7.4,-10.766756094445018,51.5,3
2020,Iowa,2,2.9375,50,222,49.666666666666664,7.4,-10.766756094445018,51.5,3
2020,Iowa,3,2.8125,50.72,222,49.666666666666664,7.4,-10.766756094445018,51.5,3
2020,Iowa,4,6.625,37.88,222,49.666666666666664,7.4,-10.766756094445018,51.5,3
2020,Kansas,2,6,42.42,222,49.666666666666664,7.4,-10.766756094445018,51.5,3
2020,Kansas,3,1.25,55.17,222,49.666666666666664,7.4,-10.766756094445018,51.5,3
2020,Kentucky,6,6,41.67,222,49.666666666666664,7.4,-10.766756094445018,51.5,3
2020,Maine,2,1.875,53.05,222,49.666666666666664,7.4,-10.766756094445018,51.5,3
2020,Michigan,3,4.25,47.04,222,49.666666666666664,7.4,-10.766756094445018,51.5,3
2020,Michigan,6,5.28125,41.83,222,49.666666666666664,7.4,-10.766756094445018,51.5,3
2020,Michigan,7,6.875,41.25,222,49.666666666666664,7.4,-10.766756094445018,51.5,3
2020,Michigan,8,2.25,51.83,222,49.666666666666664,7.4,-10.766756094445018,51.5,3
2020,Michigan,11,2.25,51.21,222,49.666666666666664,7.4,-10.766756094445018,51.5,3
2020,Minnesota,1,4.15625,48.37,222,49.666666666666664,7.4,-10.766756094445018,51.5,3
2020,Minnesota,2,2,51.2,222,49.666666666666664,7.4,-10.766756094445018,51.5,3
2020,Minnesota,3,1.25,55.64,222,49.666666666666664,7.4,-10.766756094445018,51.5,3
2020,Minnesota,5,1.125,71.33,222,49.666666666666664,7.4,-10.766756094445018,51.5,3
2020,Minnesota,7,4.75,42.74,222,49.666666666666664,7.4,-10.766756094445018,51.5,3
2020,Minnesota,8,6.875,39.82,222,49.666666666666664,7.4,-10.766756094445018,51.5,3
2020,Missouri,2,4.15625,46.73,222,49.666666666666664,7.4,-10.766756094445018,51.5,3
2020,Montana,AL,5.0625,43.61,222,49.666666666666664,7.4,-10.766756094445018,51.5,3
2020,Nebraska,2,4.28125,47.65,222,49.666666666666664,7.4,-10.766756094445018,51.5,3
2020,Nevada,3,2.71875,51.58,222,49.666666666666664,7.4,-10.766756094445018,51.5,3
2020,Nevada,4,2,52.52,222,49.666666666666664,7.4,-10.766756094445018,51.5,3
2020,New Hampshire,1,2.34375,52.62,222,49.666666666666664,7.4,-10.766756094445018,51.5,3
2020,New Hampshire,2,1.625,55.22,222,49.666666666666664,7.4,-10.766756094445018,51.5,3
2020,New Jersey,2,3.65625,47.07,222,49.666666666666664,7.4,-10.766756094445018,51.5,3
2020,New Jersey,3,2.25,53.93,222,49.666666666666664,7.4,-10.766756094445018,51.5,3
2020,New Jersey,5,1.125,53.8,222,49.666666666666664,7.4,-10.766756094445018,51.5,3
2020,New Jersey,7,2.71875,50.61,222,49.666666666666664,7.4,-10.766756094445018,51.5,3
2020,New Jersey,11,1.25,53.3,222,49.666666666666664,7.4,-10.766756094445018,51.5,3
2020,New Mexico,2,3.75,46.27,222,49.666666666666664,7.4,-10.766756094445018,51.5,3
2020,New York,1,5.1875,44.08,222,49.666666666666664,7.4,-10.766756094445018,51.5,3
2020,New York,2,3.75,46.5,222,49.666666666666664,7.4,-10.766756094445018,51.5,3
2020,New York,11,3.875,46.86,222,49.666666666666664,7.4,-10.766756094445018,51.5,3
2020,New York,18,1.375,56.33,222,49.666666666666664,7.4,-10.766756094445018,51.5,3
2020,New York,19,1.5,55.91,222,49.666666666666664,7.4,-10.766756094445018,51.5,3
2020,New York,21,6.875,41.17,222,49.666666666666664,7.4,-10.766756094445018,51.5,3
2020,New York,22,3.40625,49.98,222,49.666666666666664,7.4,-10.766756094445018,51.5,3
2020,New York,24,4.21875,44.71,222,49.666666666666664,7.4,-10.766756094445018,51.5,3
2020,New York,27,6.75,39.5,222,49.666666666666664,7.4,-10.766756094445018,51.5,3
2020,North Carolina,1,1.375,54.18,222,49.666666666666664,7.4,-10.766756094445018,51.5,3
2020,North Carolina,2,1.21875,64.38,222,49.666666666666664,7.4,-10.766756094445018,51.5,3
2020,North Carolina,6,1.21875,62.27,222,49.666666666666664,7.4,-10.766756094445018,51.5,3
2020,North Carolina,8,5.09375,46.72,222,49.666666666666664,7.4,-10.766756094445018,51.5,3
2020,North Carolina,9,6,44.41,222,49.666666666666664,7.4,-10.766756094445018,51.5,3
2020,North Carolina,11,5.3125,43.72,222,49.666666666666664,7.4,-10.766756094445018,51.5,3
2020,Ohio,1,4.28125,46.29,222,49.666666666666664,7.4,-10.766756094445018,51.5,3
2020,Ohio,10,6.03125,41.64,222,49.666666666666664,7.4,-10.766756094445018,51.5,3
2020,Ohio,12,6.125,43.06,222,49.666666666666664,7.4,-10.766756094445018,51.5,3
2020,Ohio,13,1.125,53.88,222,49.666666666666664,7.4,-10.766756094445018,51.5,3
2020,Oklahoma,5,4,47.94,222,49.666666666666664,7.4,-10.766756094445018,51.5,3
2020,Oregon,4,2.84375,52.72,222,49.666666666666664,7.4,-10.766756094445018,51.5,3
2020,Pennsylvania,1,4.9375,43.44,222,49.666666666666664,7.4,-10.766756094445018,51.5,3
2020,Pennsylvania,7,1.625,51.87,222,49.666666666666664,7.4,-10.766756094445018,51.5,3
2020,Pennsylvania,8,2.25,51.78,222,49.666666666666664,7.4,-10.766756094445018,51.5,3
2020,Pennsylvania,10,3.75,46.69,222,49.666666666666664,7.4,-10.766756094445018,51.5,3
2020,Pennsylvania,16,6.75,40.66,222,49.666666666666664,7.4,-10.766756094445018,51.5,3
2020,Pennsylvania,17,2.5,51.15,222,49.666666666666664,7.4,-10.766756094445018,51.5,3
2020,South Carolina,1,3.1875,49.37,222,49.666666666666664,7.4,-10.766756094445018,51.5,3
2020,South Carolina,2,6.375,43.35,222,49.666666666666664,7.4,-10.766756094445018,51.5,3
2020,Texas,1,6.875,27.42,222,49.666666666666664,7.4,-10.766756094445018,51.5,3
2020,Texas,2,6.5,43.49,222,49.666666666666664,7.4,-10.766756094445018,51.5,3
2020,Texas,3,5.8125,43.77,222,49.666666666666664,7.4,-10.766756094445018,51.5,3
2020,Texas,6,6.15625,45.44,222,49.666666666666664,7.4,-10.766756094445018,51.5,3
2020,Texas,7,2.34375,51.7,222,49.666666666666664,7.4,-10.766756094445018,51.5,3
2020,Texas,10,4.9375,46.35,222,49.666666666666664,7.4,-10.766756094445018,51.5,3
2020,Texas,21,4.5,46.61,222,49.666666666666664,7.4,-10.766756094445018,51.5,3
2020,Texas,22,4.25,46.4,222,49.666666666666664,7.4,-10.766756094445018,51.5,3
2020,Texas,23,3.03125,47.96,222,49.666666666666664,7.4,-10.766756094445018,51.5,3
2020,Texas,24,3.53125,49.31,222,49.666666666666664,7.4,-10.766756094445018,51.5,3
2020,Texas,25,6.03125,42.95,222,49.666666666666664,7.4,-10.766756094445018,51.5,3
2020,Texas,27,6.875,35.65,222,49.666666666666664,7.4,-10.766756094445018,51.5,3
2020,Texas,31,6.125,45.32,222,49.666666666666664,7.4,-10.766756094445018,51.5,3
2020,Texas,32,2.125,53.07,222,49.666666666666664,7.4,-10.766756094445018,51.5,3
2020,Utah,4,3.65625,49.47,222,49.666666666666664,7.4,-10.766756094445018,51.5,3
2020,Virginia,1,6.875,41.77,222,49.666666666666664,7.4,-10.766756094445018,51.5,3
2020,Virginia,2,2.71875,52.95,222,49.666666666666664,7.4,-10.766756094445018,51.5,3
2020,Virginia,5,4.125,47.42,222,49.666666666666664,7.4,-10.766756094445018,51.5,3
2020,Virginia,7,3.28125,50.91,222,49.666666666666664,7.4,-10.766756094445018,51.5,3
2020,Virginia,10,1.125,56.58,222,49.666666666666664,7.4,-10.766756094445018,51.5,3
2020,Washington,3,5.3125,43.5,222,49.666666666666664,7.4,-10.766756094445018,51.5,3
2020,Washington,8,1.875,51.79,222,49.666666666666664,7.4,-10.766756094445018,51.5,3
2020,Wisconsin,3,2.125,51.33,222,49.666666666666664,7.4,-10.766756094445018,51.5,3
