state,state_abb,CD,district,ID,Total_2020_VAP,White_2020_VAP,Hispanic_2020_VAP,Black_2020_VAP,Asian_2020_VAP,Native_2020_VAP,Pacific_2020_VAP,
Alaska,AK,AK-AL,0,1,532539,351992,31283,20370,29103,90039,5596,
Alabama,AL,AL-01,1,2,536917,365958,11604,142189,7108,9217,121,
Alabama,AL,AL-02,2,3,532505,345654,11220,163896,5935,5634,40,
Alabama,AL,AL-03,3,4,537301,383148,10032,134295,4695,4253,364,
Alabama,AL,AL-04,4,5,526676,461981,12428,40698,2361,8893,186,
Alabama,AL,AL-05,5,6,520376,394322,13438,94795,8501,8699,340,
Alabama,AL,AL-06,6,7,509270,387807,11265,99370,6970,3668,172,
Alabama,AL,AL-07,7,8,546136,219974,6774,312089,4231,2781,93,
Arkansas,AR,AR-01,1,9,573008,453357,11281,94625,2732,11002,256,
Arkansas,AR,AR-02,2,10,559490,420497,13203,112114,7052,6471,179,
Arkansas,AR,AR-03,3,11,507316,419895,41981,17254,12225,14622,979,
Arkansas,AR,AR-04,4,12,579651,430914,17054,118674,3157,8829,431,
Arizona,AZ,AZ-01,1,13,621909,490385,72687,22615,21104,12347,923,
Arizona,AZ,AZ-02,2,14,605347,371095,83860,15677,7582,124686,1031,
Arizona,AZ,AZ-03,3,15,450729,135175,233574,54081,12074,14019,575,
Arizona,AZ,AZ-04,4,16,582034,390309,109719,39561,23106,15969,1611,
Arizona,AZ,AZ-05,5,17,528233,397839,77283,19513,24269,7022,579,
Arizona,AZ,AZ-06,6,18,606381,422736,130335,22578,17582,10451,1401,
Arizona,AZ,AZ-07,7,19,528947,198972,273119,23277,10788,20929,786,
Arizona,AZ,AZ-08,8,20,573386,429263,86387,24171,21105,10015,781,
Arizona,AZ,AZ-09,9,21,553143,371048,129089,26209,12805,11009,1206,
California,CA,CA-01,1,22,553979,408267,82776,13733,27341,18326,1219,
California,CA,CA-02,2,23,561585,438354,65378,12088,25024,17319,1135,
California,CA,CA-03,3,24,560627,439893,61545,11629,33789,10621,1164,
California,CA,CA-04,4,25,540803,352290,111100,21150,43928,8065,1511,
California,CA,CA-05,5,26,554119,387382,105108,14295,33284,10284,2003,
California,CA,CA-06,6,27,500559,288002,85058,56322,57525,7353,3077,
California,CA,CA-07,7,28,501894,207603,106178,64966,105497,6098,7596,
California,CA,CA-08,8,29,485448,166052,117100,92220,95639,6009,3639,
California,CA,CA-09,9,30,463613,192762,147673,41337,70651,5531,2497,
California,CA,CA-10,10,31,511682,309379,70397,29267,92039,4099,2080,
California,CA,CA-11,11,32,566772,281335,61274,34631,180610,3487,1699,
California,CA,CA-12,12,33,513935,215534,75759,99747,111476,3960,3249,
California,CA,CA-13,13,34,408828,146334,208950,18998,25489,5334,1987,
California,CA,CA-14,14,35,485621,182413,95931,36665,158159,3381,5052,
California,CA,CA-15,15,36,502509,183539,101033,18993,187461,2099,6191,
California,CA,CA-16,16,37,491690,272744,68519,13995,128852,3239,1924,
California,CA,CA-17,17,38,422797,136544,66265,13985,198904,2502,2335,
California,CA,CA-18,18,39,408115,123364,207066,13034,58025,3154,1113,
California,CA,CA-19,19,40,550333,329919,98524,15420,94691,5744,2236,
California,CA,CA-20,20,41,506152,309073,131296,20628,34837,8271,783,
California,CA,CA-21,21,42,432746,120852,235035,27289,42367,5342,698,
California,CA,CA-22,22,43,401722,109967,240828,27903,16668,5140,378,
California,CA,CA-23,23,44,491915,247405,166037,45874,22118,6431,1872,
California,CA,CA-24,24,45,528314,339073,137131,13734,30133,6114,537,
California,CA,CA-25,25,46,470871,166806,254802,26910,13716,6617,460,
California,CA,CA-26,26,47,508580,279716,164693,12825,43798,4099,1103,
California,CA,CA-27,27,48,472944,204934,163831,52513,44245,5087,751,
California,CA,CA-28,28,49,519277,176340,125576,27754,183772,2848,921,
California,CA,CA-29,29,50,443715,129478,244005,25104,40626,2376,661,
California,CA,CA-30,30,51,544103,331186,108827,25890,70913,3443,696,
California,CA,CA-31,31,52,486160,100268,265115,18568,95579,3009,1776,
California,CA,CA-32,32,53,548532,334679,110212,30257,67792,2723,638,
California,CA,CA-33,33,54,461464,117569,248826,59217,29938,3746,904,
California,CA,CA-34,34,55,434450,69904,242670,31072,85457,3215,693,
California,CA,CA-35,35,56,468931,106278,269880,39399,46396,4024,1398,
California,CA,CA-36,36,57,540917,337348,79161,24673,91806,3770,781,
California,CA,CA-37,37,58,436536,75761,175961,149945,30352,2741,865,
California,CA,CA-38,38,59,514288,100843,284338,13338,109526,2853,1112,
California,CA,CA-39,39,60,474188,133043,249657,52727,32862,3214,1272,
California,CA,CA-40,40,61,539613,318810,104172,12365,98254,3087,631,
California,CA,CA-41,41,62,535881,291882,162590,33249,38533,5497,2342,
California,CA,CA-42,42,63,449881,124578,239487,37735,42289,3095,1387,
California,CA,CA-43,43,64,423433,43223,188770,142644,42378,2437,2010,
California,CA,CA-44,44,65,457227,84929,238291,67613,57623,2983,3594,
California,CA,CA-45,45,66,506336,177995,115971,14213,190663,2725,1583,
California,CA,CA-46,46,67,435522,110062,225650,11217,82428,2078,2145,
California,CA,CA-47,47,68,508056,317608,71548,10331,100099,3908,1877,
California,CA,CA-48,48,69,536846,341312,121506,21135,38031,8705,2231,
California,CA,CA-49,49,70,539407,361501,110890,17390,40080,4452,1950,
California,CA,CA-50,50,71,537536,352635,91045,18814,65475,4881,2132,
California,CA,CA-51,51,72,545523,302490,108774,38023,86733,4558,1829,
California,CA,CA-52,52,73,488757,99162,248902,50235,81514,2148,3176,
California,CA,CA-53,53,74,529561,341450,110473,51076,18689,6051,542,
Colorado,CO,CO-01,1,75,540880,460892,50517,7218,15499,5296,494,
Colorado,CO,CO-02,2,76,541719,403493,113713,6301,4548,12559,351,
Colorado,CO,CO-03,3,77,505562,425580,51288,9050,13407,5061,677,
Colorado,CO,CO-04,4,78,513564,379281,71015,35958,17023,6709,1376,
Colorado,CO,CO-05,5,79,493171,344665,66163,51562,23668,5399,822,
Colorado,CO,CO-06,6,80,558409,458368,67434,9494,15203,6782,360,
Colorado,CO,CO-07,7,81,471177,306231,133716,9716,14238,5680,603,
Connecticut,CT,CT-01,1,82,525560,350760,76687,75795,18935,2925,109,
Connecticut,CT,CT-02,2,83,564050,481763,37033,23448,15506,5065,56,
Connecticut,CT,CT-03,3,84,538913,378759,64385,73721,18061,2744,220,
Connecticut,CT,CT-04,4,85,471929,320898,68756,57734,22084,1702,180,
Connecticut,CT,CT-05,5,86,515447,387808,73426,36528,15097,2495,130,
Delaware,DE,DE-AL,0,87,723117,496684,40334,159695,19967,5705,257,
Florida,FL,FL-01,1,88,570531,433684,30280,78258,17325,8227,567,
Florida,FL,FL-02,2,89,605145,414121,28230,144156,10162,7118,424,
Florida,FL,FL-03,3,90,581403,417332,48450,97247,12566,4945,252,
Florida,FL,FL-04,4,91,550308,326975,34351,167645,15264,4736,297,
Florida,FL,FL-05,5,92,534015,392431,44804,66697,24692,3243,388,
Florida,FL,FL-06,6,93,595646,466282,47401,68369,8336,4756,358,
Florida,FL,FL-07,7,94,584081,405531,103496,52868,17390,3379,215,
Florida,FL,FL-08,8,95,595913,471805,51696,53810,12855,4168,454,
Florida,FL,FL-09,9,96,477735,179331,228797,47035,18368,2207,594,
Florida,FL,FL-10,10,97,532149,236922,134542,132110,23721,3055,404,
Florida,FL,FL-11,11,98,539036,373293,78109,63519,19333,3657,133,
Florida,FL,FL-12,12,99,583070,480835,60736,26000,9251,4377,438,
Florida,FL,FL-13,13,100,617937,505220,46355,42294,19231,3907,424,
Florida,FL,FL-14,14,101,562338,308081,124454,107479,17856,3172,382,
Florida,FL,FL-15,15,102,547761,338996,107214,77177,20156,3397,233,
Florida,FL,FL-16,16,103,545528,388328,78571,62015,12178,3213,329,
Florida,FL,FL-17,17,104,613887,514187,54180,32842,8471,3387,231,
Florida,FL,FL-18,18,105,555723,369482,102718,70081,7813,4564,280,
Florida,FL,FL-19,19,106,587637,474035,67440,33551,9687,2482,102,
Florida,FL,FL-20,20,107,490821,137073,89827,246878,12571,2261,154,
Florida,FL,FL-21,21,108,578128,431698,68941,63866,10178,2591,255,
Florida,FL,FL-22,22,109,532278,339988,98332,76138,13612,2506,376,
Florida,FL,FL-23,23,110,536316,359123,93809,62643,17128,2032,202,
Florida,FL,FL-24,24,111,483698,89679,156245,228228,6791,1565,314,
Florida,FL,FL-25,25,112,517166,209438,192546,87626,22631,2237,413,
Florida,FL,FL-26,26,113,446784,109797,304045,26684,4753,856,29,
Florida,FL,FL-27,27,114,467146,93839,331470,30646,9368,881,25,
Florida,FL,FL-28,28,115,464696,94265,315109,45657,8026,788,114,
Georgia,GA,GA-01,1,116,557429,351711,25016,166349,8653,4505,392,
Georgia,GA,GA-02,2,117,559300,249585,17750,280170,6650,3994,454,
Georgia,GA,GA-03,3,118,553442,393616,18727,126798,8992,3583,433,
Georgia,GA,GA-04,4,119,512158,168078,20367,300722,19278,3455,204,
Georgia,GA,GA-05,5,120,575931,228908,20051,302575,19404,2950,202,
Georgia,GA,GA-06,6,121,496961,380681,27956,51281,32750,2582,56,
Georgia,GA,GA-07,7,122,446115,194886,49962,145315,52243,2675,29,
Georgia,GA,GA-08,8,123,567112,359560,21517,174809,6943,3338,465,
Georgia,GA,GA-09,9,124,526824,407618,38732,54838,20752,4349,55,
Georgia,GA,GA-10,10,125,543279,384651,22053,122964,10085,3047,183,
Georgia,GA,GA-11,11,126,527903,375436,33165,97338,15818,5650,214,
Georgia,GA,GA-12,12,127,564746,321569,19164,210568,8695,3550,512,
Georgia,GA,GA-13,13,128,508829,118077,29494,342535,14757,3109,250,
Georgia,GA,GA-14,14,129,542235,424063,33639,74687,5150,4073,118,
Hawaii,HI,HI-01,1,130,506549,89680,38322,14117,278782,2816,29143,
Hawaii,HI,HI-02,2,131,513990,170404,50861,10318,150615,5242,54477,
Iowa,IA,IA-01,1,132,593245,535165,21939,21740,9820,3960,236,
Iowa,IA,IA-02,2,133,598759,553691,12517,20892,6715,3965,433,
Iowa,IA,IA-03,3,134,560093,495454,22461,23545,14208,3586,369,
Iowa,IA,IA-04,4,135,579754,528790,26375,11391,8012,4648,389,
Idaho,ID,ID-01,1,136,640279,561537,49941,4276,8959,13541,940,
Idaho,ID,ID-02,2,137,615061,531866,53661,5534,10147,11477,804,
Illinois,IL,IL-01,1,138,559311,220450,33367,293775,9074,2020,9,
Illinois,IL,IL-02,2,139,562058,228129,53387,270970,5556,2821,144,
Illinois,IL,IL-03,3,140,474538,243668,168588,28144,31199,2070,75,
Illinois,IL,IL-04,4,141,415585,146426,221041,28295,18049,1164,4,
Illinois,IL,IL-05,5,142,548896,431915,50102,17163,46300,2071,280,
Illinois,IL,IL-06,6,143,540708,426260,54084,31316,27456,1122,69,
Illinois,IL,IL-07,7,144,521945,186870,51172,244191,37016,2027,132,
Illinois,IL,IL-08,8,145,492703,334285,72456,24633,57981,1898,202,
Illinois,IL,IL-09,9,146,516362,359702,46228,45681,61165,2280,258,
Illinois,IL,IL-10,10,147,500521,359497,69153,36240,32212,2442,130,
Illinois,IL,IL-11,11,148,523088,388872,64536,34050,33168,2060,63,
Illinois,IL,IL-12,12,149,588264,532954,11314,34272,4979,4127,131,
Illinois,IL,IL-13,13,150,582369,433035,16689,113265,14725,3786,297,
Illinois,IL,IL-14,14,151,518611,361436,77529,54336,22178,2174,342,
Illinois,IL,IL-15,15,152,592039,553710,10009,20237,4156,3548,293,
Illinois,IL,IL-16,16,153,557840,512881,20663,13936,7663,2808,132,
Illinois,IL,IL-17,17,154,569578,446460,38264,72915,7811,2951,99,
Indiana,IN,IN-01,1,155,550708,372491,68978,99233,6580,3098,115,
Indiana,IN,IN-02,2,156,539255,462402,29193,36729,6083,4217,214,
Indiana,IN,IN-03,3,157,537776,472659,19306,33449,8038,3726,194,
Indiana,IN,IN-04,4,158,547390,494650,18281,20180,10592,3348,158,
Indiana,IN,IN-05,5,159,547643,482839,13414,34595,12778,3334,181,
Indiana,IN,IN-06,6,160,527315,479306,12317,21621,9986,3544,27,
Indiana,IN,IN-07,7,161,527256,307148,26445,180104,8904,3282,153,
Indiana,IN,IN-08,8,162,578952,536090,7914,25485,5210,3955,138,
Indiana,IN,IN-09,9,163,576926,536489,10344,18384,7340,3827,78,
Kansas,KS,KS-01,1,164,736308,568307,107179,29777,20335,15656,1633,
Kansas,KS,KS-02,2,165,729187,528094,87919,80219,19235,20349,2401,
Kansas,KS,KS-03,3,166,719979,567907,63343,43697,39422,8355,856,
Kansas,KS,KS-04,4,167,727145,529680,93161,62523,31239,18595,1765,
Kentucky,KY,KY-01,1,168,572360,508747,10797,45010,3439,3770,322,
Kentucky,KY,KY-02,2,169,553205,498560,10882,32604,6306,4219,339,
Kentucky,KY,KY-03,3,170,546541,397188,14606,119405,11108,3527,195,
Kentucky,KY,KY-04,4,171,553561,514232,9916,20486,4944,3400,122,
Kentucky,KY,KY-05,5,172,582158,560218,4810,10595,1971,4064,167,
Kentucky,KY,KY-06,6,173,554572,482294,10894,49297,7664,3756,172,
Louisiana,LA,LA-01,1,174,559959,436942,32172,69436,11684,9500,119,
Louisiana,LA,LA-02,2,175,589583,185437,22858,364594,12832,3034,40,
Louisiana,LA,LA-03,3,176,571733,405783,13616,140258,6348,5254,73,
Louisiana,LA,LA-04,4,177,594580,361448,15871,203633,5168,8090,351,
Louisiana,LA,LA-05,5,178,590258,369640,9992,201861,3630,5892,118,
Louisiana,LA,LA-06,6,179,561680,399680,14576,130376,10137,5842,235,
Massachusetts,MA,MA-01,1,180,601944,465360,88982,33457,10846,2774,76,
Massachusetts,MA,MA-02,2,181,558163,458701,45248,24603,25266,3157,282,
Massachusetts,MA,MA-03,3,182,532387,396063,81347,18685,33316,2168,149,
Massachusetts,MA,MA-04,4,183,561200,489035,22908,18707,27152,3191,147,
Massachusetts,MA,MA-05,5,184,522285,410296,34958,25876,48645,1731,153,
Massachusetts,MA,MA-06,6,185,576565,497285,37894,16824,21820,1761,237,
Massachusetts,MA,MA-07,7,186,532282,270383,82708,128254,46792,3501,439,
Massachusetts,MA,MA-08,8,187,556431,430847,28588,55847,37420,2692,105,
Massachusetts,MA,MA-09,9,188,589627,537481,20529,18905,7902,4129,333,
Maryland,MD,MD-01,1,189,581816,462701,16006,86107,12474,3919,70,
Maryland,MD,MD-02,2,190,560331,388002,17062,126024,24880,3019,109,
Maryland,MD,MD-03,3,191,542414,371303,26006,93749,46037,3680,297,
Maryland,MD,MD-04,4,192,459234,70952,44539,314137,24216,3477,222,
Maryland,MD,MD-05,5,193,559188,284006,22846,228400,16548,5644,168,
Maryland,MD,MD-06,6,194,535474,385778,39043,67626,38092,3164,353,
Maryland,MD,MD-07,7,195,577960,205539,17114,337207,12664,4515,235,
Maryland,MD,MD-08,8,196,496897,280619,58480,84895,68698,2442,162,
Maine,ME,ME-01,1,197,529820,502355,7937,6435,7805,4788,82,
Maine,ME,ME-02,2,198,540725,515515,6374,4455,3933,10128,42,
Michigan,MI,MI-01,1,199,621910,577543,8815,10005,3491,21628,338,
Michigan,MI,MI-02,2,200,603307,557588,17314,15624,3457,8965,56,
Michigan,MI,MI-03,3,201,554280,441607,32584,61674,11816,5657,181,
Michigan,MI,MI-04,4,202,569708,471495,30482,50110,11374,5838,145,
Michigan,MI,MI-05,5,203,587815,530879,19289,26691,4504,5888,60,
Michigan,MI,MI-06,6,204,555741,436160,18365,58288,37524,4609,153,
Michigan,MI,MI-07,7,205,592061,512205,24928,35433,13197,5921,126,
Michigan,MI,MI-08,8,206,599413,471373,24361,90921,6273,6298,103,
Michigan,MI,MI-09,9,207,589348,545515,15496,16462,6720,4784,56,
Michigan,MI,MI-10,10,208,575999,460528,11705,73758,25055,4332,162,
Michigan,MI,MI-11,11,209,570964,433253,16804,83862,31629,4424,320,
Michigan,MI,MI-12,12,210,545983,261784,12447,257654,8759,5637,116,
Michigan,MI,MI-13,13,211,562134,237451,32382,275101,11781,4695,302,
Minnesota,MN,MN-01,1,212,516710,472445,17052,12488,10842,3496,164,
Minnesota,MN,MN-02,2,213,494461,424534,18745,23720,21896,4157,217,
Minnesota,MN,MN-03,3,214,501077,419216,11604,34533,31154,3420,126,
Minnesota,MN,MN-04,4,215,504211,379533,21890,46019,50315,5262,159,
Minnesota,MN,MN-05,5,216,510296,372906,24625,76668,26040,8822,180,
Minnesota,MN,MN-06,6,217,505274,462291,10223,15420,12849,4154,69,
Minnesota,MN,MN-07,7,218,527622,495896,14117,5986,4331,7390,274,
Minnesota,MN,MN-08,8,219,553728,508324,7793,7295,5244,24802,201,
Missouri,MO,MO-01,1,220,585486,282851,13491,270239,13815,3729,142,
Missouri,MO,MO-02,2,221,567814,518245,10006,18714,17329,2954,111,
Missouri,MO,MO-03,3,222,586107,530195,11083,29461,9769,4900,285,
Missouri,MO,MO-04,4,223,578004,519186,18279,24979,5765,8543,404,
Missouri,MO,MO-05,5,224,555521,378428,31721,126645,9970,6908,1343,
Missouri,MO,MO-06,6,225,582444,530195,16327,23864,6199,5352,531,
Missouri,MO,MO-07,7,226,573608,523485,17447,12599,7082,11713,415,
Missouri,MO,MO-08,8,227,601130,553857,9239,26536,3580,7451,177,
Mississippi,MS,MS-01,1,228,559319,389299,10031,153435,3452,2546,276,
Mississippi,MS,MS-02,2,229,569326,194685,8084,361586,2061,2732,237,
Mississippi,MS,MS-03,3,230,556045,350603,7051,188141,4036,6140,160,
Mississippi,MS,MS-04,4,231,553412,396997,16519,125595,8468,4850,233,
Montana,MT,MT-01,1,232,418340,376728,11930,2247,4424,22123,248,
Montana,MT,MT-02,2,233,405425,353572,13381,3175,2967,31686,211,
North Carolina,NC,NC-01,1,234,590680,310089,16167,252670,4473,7262,238,
North Carolina,NC,NC-02,2,235,503811,346245,26572,94001,32262,3178,294,
North Carolina,NC,NC-03,3,236,570153,405065,35100,113800,7892,6726,676,
North Carolina,NC,NC-04,4,237,532606,333099,23600,152305,17945,4914,301,
North Carolina,NC,NC-05,5,238,571135,468426,20886,71271,5278,4322,516,
North Carolina,NC,NC-06,6,239,539967,324228,21704,174826,13639,5021,136,
North Carolina,NC,NC-07,7,240,598686,405342,20372,117299,5743,49711,261,
North Carolina,NC,NC-08,8,241,538460,423919,20349,80585,8417,5238,111,
North Carolina,NC,NC-09,9,242,540216,341421,38146,134683,10635,13452,805,
North Carolina,NC,NC-10,10,243,557976,466436,18010,59390,9985,3621,203,
North Carolina,NC,NC-11,11,244,585197,528051,15484,24101,4919,12032,197,
North Carolina,NC,NC-12,12,245,487001,246787,29140,190011,16386,3927,114,
North Carolina,NC,NC-13,13,246,510274,342642,27642,125320,9312,5739,258,
North Carolina,NC,NC-14,14,247,510387,342455,29285,114969,18698,4165,185,
North Dakota,ND,ND-AL,0,248,564938,500439,16389,11967,5467,29672,698,
Nebraska,NE,NE-01,1,249,461850,403768,26086,15095,10845,4496,400,
Nebraska,NE,NE-02,2,250,434745,350634,26942,42777,9716,3918,177,
Nebraska,NE,NE-03,3,251,477055,427232,32049,5580,3504,8522,312,
New Hampshire,NH,NH-01,1,252,531305,493354,14144,8435,11448,3408,158,
New Hampshire,NH,NH-02,2,253,533985,496165,15428,6545,11133,4198,97,
New Jersey,NJ,NJ-01,1,254,553992,377725,56907,92795,23524,2341,65,
New Jersey,NJ,NJ-02,2,255,562710,410813,59600,69410,18707,3689,143,
New Jersey,NJ,NJ-03,3,256,555333,397972,42976,74428,35880,2297,170,
New Jersey,NJ,NJ-04,4,257,534613,464388,35610,19270,13241,1480,24,
New Jersey,NJ,NJ-05,5,258,537776,367299,66853,33050,67998,2057,150,
New Jersey,NJ,NJ-06,6,259,502456,279955,87934,64761,66811,1794,239,
New Jersey,NJ,NJ-07,7,260,554257,443125,46489,28935,33409,1797,69,
New Jersey,NJ,NJ-08,8,261,401506,140460,186793,41758,30569,1149,350,
New Jersey,NJ,NJ-09,9,262,463253,226449,154048,45602,35463,1042,131,
New Jersey,NJ,NJ-10,10,263,471823,113141,75313,251822,27912,2317,124,
New Jersey,NJ,NJ-11,11,264,531057,382223,62852,36096,47349,1161,90,
New Jersey,NJ,NJ-12,12,265,487523,265271,60875,88936,69423,2070,134,
New Mexico,NM,NM-01,1,266,536198,280203,202724,14869,13340,23970,368,
New Mexico,NM,NM-02,2,267,476866,172232,259889,10672,4240,29111,267,
New Mexico,NM,NM-03,3,268,498330,204498,190327,7740,4253,91043,511,
Nevada,NV,NV-01,1,269,494059,270462,118607,50655,42363,5172,3181,
Nevada,NV,NV-02,2,270,539851,403702,82085,13422,21507,14952,2145,
Nevada,NV,NV-03,3,271,541246,292375,92091,57477,85120,5046,4138,
Nevada,NV,NV-04,4,272,496083,244268,115229,90630,30842,7805,4212,
New York,NY,NY-01,1,273,561937,461556,49405,25268,23514,1269,78,
New York,NY,NY-02,2,274,541020,364982,99630,57749,14658,3153,162,
New York,NY,NY-03,3,275,547326,369765,56107,22404,96368,1621,210,
New York,NY,NY-04,4,276,532981,318587,80249,99741,31423,1530,207,
New York,NY,NY-05,5,277,501218,86037,86337,242618,76692,4601,1325,
New York,NY,NY-06,6,278,423911,152773,91286,24065,151860,2561,269,
New York,NY,NY-07,7,279,463979,191200,154810,64535,49590,1861,101,
New York,NY,NY-08,8,280,497769,151813,71519,236755,35066,2115,48,
New York,NY,NY-09,9,281,469595,161579,45273,226157,33279,1793,130,
New York,NY,NY-10,10,282,489035,279363,82763,36894,86273,1990,285,
New York,NY,NY-11,11,283,497937,308859,71639,35730,79210,1774,153,
New York,NY,NY-12,12,284,534323,391349,58517,25867,55930,1766,162,
New York,NY,NY-13,13,285,515756,98256,245258,145223,23074,2224,180,
New York,NY,NY-14,14,286,433229,103042,197849,88744,40076,1916,134,
New York,NY,NY-15,15,287,438428,54844,222669,147137,11420,1700,335,
New York,NY,NY-16,16,288,498671,246083,103360,117024,28857,2284,208,
New York,NY,NY-17,17,289,523584,385517,65877,44303,25687,1711,63,
New York,NY,NY-18,18,290,553521,406079,70045,59633,13552,3271,221,
New York,NY,NY-19,19,291,602819,530788,26170,25678,15659,4120,209,
New York,NY,NY-20,20,292,581936,480705,25822,51332,19028,3684,265,
New York,NY,NY-21,21,293,613196,562312,19547,18499,5177,6981,447,
New York,NY,NY-22,22,294,581336,491501,22716,47513,13146,5424,152,
New York,NY,NY-23,23,295,607339,564610,15157,16740,4366,6345,85,
New York,NY,NY-24,24,296,605015,556161,16948,22246,4438,4862,157,
New York,NY,NY-25,25,297,580269,439891,42459,79254,14835,2918,173,
New York,NY,NY-26,26,298,568770,426387,29653,92097,14568,5061,155,
Ohio,OH,OH-01,1,299,570120,425791,12044,113395,14739,2711,379,
Ohio,OH,OH-02,2,300,606574,575969,6145,15953,2722,5235,163,
Ohio,OH,OH-03,3,301,563931,365682,17377,153691,20723,4597,205,
Ohio,OH,OH-04,4,302,577640,522831,9571,31541,8786,4240,187,
Ohio,OH,OH-05,5,303,598065,529101,33394,26998,4481,3756,162,
Ohio,OH,OH-06,6,304,625184,561677,13956,41402,3401,3910,45,
Ohio,OH,OH-07,7,305,587877,534907,15465,20776,13790,2476,120,
Ohio,OH,OH-08,8,306,569756,473559,9951,71321,10082,3779,71,
Ohio,OH,OH-09,9,307,595715,480814,32523,71852,6010,3765,196,
Ohio,OH,OH-10,10,308,594515,463038,11849,103397,10404,4763,106,
Ohio,OH,OH-11,11,309,594563,282882,35077,262025,10595,3633,130,
Ohio,OH,OH-12,12,310,598094,554749,7827,23573,6835,4443,189,
Ohio,OH,OH-13,13,311,603441,499422,9610,79261,11035,3988,34,
Ohio,OH,OH-14,14,312,610448,557766,11477,31362,5343,3340,88,
Ohio,OH,OH-15,15,313,559419,466671,13892,59453,15656,3570,46,
Oklahoma,OK,OK-01,1,314,540891,387390,31767,52622,12675,56994,323,
Oklahoma,OK,OK-02,2,315,616811,428190,18514,24385,3832,141770,511,
Oklahoma,OK,OK-03,3,316,550368,408898,53357,32646,7622,48057,458,
Oklahoma,OK,OK-04,4,317,583934,429660,38029,49330,13204,52157,437,
Oklahoma,OK,OK-05,5,318,563930,404659,29691,71951,16572,41118,304,
Oregon,OR,OR-01,1,319,499415,391447,45269,11988,38341,7571,1885,
Oregon,OR,OR-02,2,320,522911,445783,45368,4724,6469,18229,1039,
Oregon,OR,OR-03,3,321,513819,393893,38420,30524,36665,9597,2258,
Oregon,OR,OR-04,4,322,549291,478888,30140,6496,14464,16469,886,
Oregon,OR,OR-05,5,323,527970,462137,30430,6325,16196,9434,657,
Oregon,OR,OR-06,6,324,494637,394367,58903,7754,19246,9762,2104,
Pennsylvania,PA,PA-01,1,325,567849,494663,20519,22312,27669,1912,108,
Pennsylvania,PA,PA-02,2,326,527096,238209,111007,135530,38209,2774,110,
Pennsylvania,PA,PA-03,3,327,562886,198822,22683,310855,25843,3566,166,
Pennsylvania,PA,PA-04,4,328,566361,473580,21300,45881,23213,1829,109,
Pennsylvania,PA,PA-05,5,329,542710,367398,18236,127101,26158,2531,251,
Pennsylvania,PA,PA-06,6,330,534907,426664,55429,34249,15874,1990,95,
Pennsylvania,PA,PA-07,7,331,564439,440344,78832,29278,13032,2121,172,
Pennsylvania,PA,PA-08,8,332,576168,480433,49157,33896,9174,2483,322,
Pennsylvania,PA,PA-09,9,333,605356,559314,22786,15701,4322,3038,205,
Pennsylvania,PA,PA-10,10,334,560108,451360,33587,57260,15105,2482,18,
Pennsylvania,PA,PA-11,11,335,564660,494655,38475,19302,9320,2186,127,
Pennsylvania,PA,PA-12,12,336,595526,479685,11025,88257,13262,3194,101,
Pennsylvania,PA,PA-13,13,337,599333,565098,11618,15891,3651,2694,104,
Pennsylvania,PA,PA-14,14,338,618051,583558,6291,21557,3760,2817,91,
Pennsylvania,PA,PA-15,15,339,617056,580838,10977,16054,6195,3010,62,
Pennsylvania,PA,PA-16,16,340,598771,553937,10460,26216,5171,2706,110,
Pennsylvania,PA,PA-17,17,341,577640,513917,7425,44382,9517,2133,227,
Rhode Island,RI,RI-01,1,342,386029,292139,48713,29490,11567,3498,230,
Rhode Island,RI,RI-02,2,343,409036,339490,38056,17322,10551,3396,284,
South Carolina,SC,SC-01,1,344,546401,406294,20951,104048,10229,4154,239,
South Carolina,SC,SC-02,2,345,547091,371620,18629,142020,9033,4665,337,
South Carolina,SC,SC-03,3,346,554040,427399,13521,104336,4583,3336,114,
South Carolina,SC,SC-04,4,347,519888,378391,21463,104953,10999,3125,687,
South Carolina,SC,SC-05,5,348,539949,375641,14667,137887,6330,5139,82,
South Carolina,SC,SC-06,6,349,573216,260435,12602,288801,5944,4558,190,
South Carolina,SC,SC-07,7,350,569136,393440,10793,153343,5328,5828,135,
South Dakota,SD,SD-AL,0,351,644872,561189,15691,9387,5556,52469,252,
Tennessee,TN,TN-01,1,352,597638,563367,10163,15546,3407,4838,158,
Tennessee,TN,TN-02,2,353,577601,517521,11394,35636,7720,4973,339,
Tennessee,TN,TN-03,3,354,589291,498246,13604,64861,6456,5679,177,
Tennessee,TN,TN-04,4,355,549383,464135,16270,53604,8795,6177,188,
Tennessee,TN,TN-05,5,356,513576,407228,18277,71410,12493,3487,102,
Tennessee,TN,TN-06,6,357,569226,487977,14111,55304,5692,5553,262,
Tennessee,TN,TN-07,7,358,551761,418889,21034,94660,10103,5197,695,
Tennessee,TN,TN-08,8,359,572868,449321,10007,102791,6157,3756,151,
Tennessee,TN,TN-09,9,360,560960,175338,13906,360035,8810,3113,159,
Texas,TX,TX-01,1,361,549223,382117,48171,107928,4967,5717,410,
Texas,TX,TX-02,2,362,470761,300728,94386,54139,16074,3675,558,
Texas,TX,TX-03,3,363,477774,331247,50031,49240,42010,4311,184,
Texas,TX,TX-04,4,364,500207,367311,47818,45592,30869,7823,306,
Texas,TX,TX-05,5,365,485555,301667,85082,71650,20810,5550,208,
Texas,TX,TX-06,6,366,467679,277827,99540,71909,13470,4549,487,
Texas,TX,TX-07,7,367,447355,174719,94637,91238,83389,2663,100,
Texas,TX,TX-08,8,368,466217,273914,101265,63022,22769,4144,329,
Texas,TX,TX-09,9,369,438725,83124,108611,207106,37151,1881,107,
Texas,TX,TX-10,10,370,507746,340682,85847,58535,17340,3850,384,
Texas,TX,TX-11,11,371,512333,270239,166631,58288,9122,5386,1311,
Texas,TX,TX-12,12,372,512781,344359,90362,54899,17042,5317,188,
Texas,TX,TX-13,13,373,536386,372793,107163,38086,9831,7770,435,
Texas,TX,TX-14,14,374,531951,327458,94567,91343,13164,4646,113,
Texas,TX,TX-15,15,375,420113,93713,313147,6680,4825,1503,259,
Texas,TX,TX-16,16,376,470897,73637,369842,17709,5643,2571,666,
Texas,TX,TX-17,17,377,542093,343658,94734,87919,10804,4147,285,
Texas,TX,TX-18,18,378,456995,110899,132761,186029,24051,2468,244,
Texas,TX,TX-19,19,379,536761,314498,175335,35202,6083,5275,270,
Texas,TX,TX-20,20,380,529748,117508,363469,31914,12934,2364,596,
Texas,TX,TX-21,21,381,551267,368134,145710,20729,11281,4327,327,
Texas,TX,TX-22,22,382,469640,249475,111481,54970,49886,3161,160,
Texas,TX,TX-23,23,383,457205,158597,265653,18570,9189,4110,404,
Texas,TX,TX-24,24,384,524586,384517,62084,36972,33680,5763,1011,
Texas,TX,TX-25,25,385,539537,373013,81743,62998,14229,5353,1111,
Texas,TX,TX-26,26,386,489588,343049,63789,44420,31814,5198,507,
Texas,TX,TX-27,27,387,543787,238148,267626,26393,7305,3874,394,
Texas,TX,TX-28,28,388,459405,105936,319841,26122,4765,2362,199,
Texas,TX,TX-29,29,389,390430,54550,252408,70115,11536,1845,242,
Texas,TX,TX-30,30,390,484880,124327,103308,236686,16677,3118,193,
Texas,TX,TX-31,31,391,509981,350480,92218,43227,14674,6607,793,
Texas,TX,TX-32,32,392,460042,215003,97060,109621,32824,4850,201,
Texas,TX,TX-33,33,393,385533,92798,166515,103340,17899,2971,291,
Texas,TX,TX-34,34,394,423028,49906,367164,2605,2294,940,178,
Texas,TX,TX-35,35,395,486672,164427,231957,72482,12135,4054,350,
Texas,TX,TX-36,36,396,508330,310472,107583,66948,18026,4246,94,
Texas,TX,TX-37,37,397,545602,343790,121309,37068,36729,4719,149,
Texas,TX,TX-38,38,398,487945,300150,90844,50659,41981,3337,69,
Utah,UT,UT-01,1,399,538237,460148,49275,7469,12487,5118,1914,
Utah,UT,UT-02,2,400,521229,428882,55612,7369,13709,7761,6076,
Utah,UT,UT-03,3,401,545403,472216,37021,5436,12115,12287,3776,
Utah,UT,UT-04,4,402,478002,401283,47429,5245,12263,4528,4635,
Virginia,VA,VA-01,1,403,566906,441545,18568,78875,22572,4109,167,
Virginia,VA,VA-02,2,404,574154,372086,30341,135426,29221,4799,342,
Virginia,VA,VA-03,3,405,581570,264514,31891,259497,17221,5914,510,
Virginia,VA,VA-04,4,406,589916,281579,22419,267492,11760,5962,415,
Virginia,VA,VA-05,5,407,613125,451544,12417,134652,9757,4242,186,
Virginia,VA,VA-06,6,408,590687,507299,19820,50175,8551,3913,322,
Virginia,VA,VA-07,7,409,526122,326228,50918,116760,24794,4348,490,
Virginia,VA,VA-08,8,410,519346,324340,58969,71900,59276,2741,456,
Virginia,VA,VA-09,9,411,638119,577147,9554,39800,7100,3997,259,
Virginia,VA,VA-10,10,412,481228,315522,50073,49717,60808,2721,307,
Virginia,VA,VA-11,11,413,517134,312861,48200,47235,103626,3007,312,
Vermont,VT,VT-AL,0,414,497385,470717,8155,5884,6736,5658,149,
Washington,WA,WA-01,1,415,497395,378596,29735,15027,61504,6842,2004,
Washington,WA,WA-02,2,416,560204,449624,39018,15138,36519,15634,1363,
Washington,WA,WA-03,3,417,542719,464339,30058,11140,20678,11680,1846,
Washington,WA,WA-04,4,418,460711,321113,106523,6783,8574,15614,775,
Washington,WA,WA-05,5,419,566511,491603,30218,11919,14058,15416,1542,
Washington,WA,WA-06,6,420,587011,474753,32301,25405,27644,19999,3620,
Washington,WA,WA-07,7,421,577029,429277,33974,28907,71610,8253,1469,
Washington,WA,WA-08,8,422,523107,430862,30436,11698,36311,9693,1735,
Washington,WA,WA-09,9,423,489218,268833,35698,61853,102814,8637,6464,
Washington,WA,WA-10,10,424,540856,385416,43505,41468,43336,12751,8794,
Wisconsin,WI,WI-01,1,425,545737,456993,39819,35484,8293,4662,239,
Wisconsin,WI,WI-02,2,426,538631,476873,17406,22007,17902,3629,207,
Wisconsin,WI,WI-03,3,427,567176,534044,9304,7943,10562,5293,82,
Wisconsin,WI,WI-04,4,428,521023,272117,56491,169411,17079,5389,72,
Wisconsin,WI,WI-05,5,429,562416,517272,19769,10485,11300,3130,136,
Wisconsin,WI,WI-06,6,430,560096,517877,15098,11680,10652,4648,198,
Wisconsin,WI,WI-07,7,431,554338,520552,7343,4848,8030,13519,167,
Wisconsin,WI,WI-08,8,432,543040,493659,15786,8230,9591,15306,111,
West Virginia,WV,WV-01,1,433,718170,671095,6299,31382,4041,4664,112,
West Virginia,WV,WV-02,2,434,710325,664245,10764,24424,5302,4914,84,
Wyoming,WY,WY-AL,0,435,435402,381021,31849,5118,4567,11603,412,